zpid,address,city,state,zipcode,price,homeType,livingArea,lotAreaValue,bedrooms,bathrooms,yearBuilt,houseAge,monthlyHoaFee,propertyCondition,architecturalStyle,garageSpaces,hasGarage,hasPrivatePool,basementYN,parking,lastSoldPrice,schools_count,schools_max_rating,daysOnZillow,latitude,longitude,furnished,storiesTotal,NearbyAvgPrice,NumSimilarHomesSold,NearbyPricePerSqFt
62939644,4409 NW 113th Ct,Doral,FL,33178,830000,SINGLE_FAMILY,2341,3524,4,4,2006,19,224,,,2,TRUE,,,N/A,830000,3,7,0,25.814554,-80.38025,FALSE,,506266.6667,3,221.9275607
308909454,8079 NW 48th Ter,Doral,FL,33166,2250000,SINGLE_FAMILY,4805,4713,6,6,2020,5,300,As Is,,2,TRUE,,,N/A,2250000,3,8,0,25.816925,-80.32809,FALSE,,1563762.5,8,368.6628608
439210475,5300 NW 87th Ave #1310,Miami,FL,33178,95000,CONDO,705,,1,1,2008,17,1056,,,1,TRUE,,,N/A,95000,3,8,0,25.82071,-80.338165,TRUE,2,165487.5,8,184.1332037
62925819,4789 NW 112th Ct,Doral,FL,33178,897000,SINGLE_FAMILY,2648,5262,4,4,2001,24,250,,,2,TRUE,,,N/A,897000,3,7,0,25.81686,-80.37795,FALSE,,849762.5,8,372.0692868
247699733,10393 NW 67th Ter,Doral,FL,33178,1500000,SINGLE_FAMILY,3460,4738,4,5,2022,3,659,,,2,TRUE,,,N/A,1500000,3,7,0,25.834711,-80.365974,FALSE,,854900,3,364.9515675
44142946,4512 NW 94th Ct,Doral,FL,33178,945700,SINGLE_FAMILY,2309,7211,4,3,2000,25,315,,,2,TRUE,,,N/A,960000,3,8,239,25.814575,-80.350136,FALSE,,828399,2,276.5016689
60796049,11405 NW 62nd Ter APT 236,Doral,FL,33178,3500,CONDO,1460,,3,2.5,2001,24,328,,,,FALSE,,,N/A,3500,3,7,1,25.83024,-80.38348,FALSE,,464650,4,333.4839522
62937471,10981 NW 62nd Ter,Doral,FL,33178,670000,TOWNHOUSE,1898,0,3,3,1998,27,560,Updated/Remodeled,Old Spanish,1,TRUE,TRUE,,N/A,670000,3,7,1,25.830322,-80.37426,FALSE,2,705000,5,389.5013262
72568973,5102 NW 79th Ave APT 106,Doral,FL,33166,275000,CONDO,810,,1,1,1972,53,384,,,0,FALSE,,,N/A,275000,3,8,1,25.819965,-80.32633,FALSE,4,240012.5,8,265.7777112
247700808,7661 NW 107th Ave APT 314,Doral,FL,33178,530000,CONDO,1556,0,3,4,2017,8,261,,,0,FALSE,,,N/A,530000,3,7,1,25.843155,-80.37012,FALSE,7,446873.75,8,395.4813055
331699182,5350 NW 84th Ave #1711,Doral,FL,33166,418000,CONDO,661,0,1,1,2019,6,826,,,1,TRUE,,,N/A,418000,3,8,1,25.820618,-80.334854,TRUE,20,350125,8,375.790232
2071300632,11603 NW 78th St #11603,Miami,FL,33178,605000,TOWNHOUSE,1511,0,3,3,2004,21,398,,,1,TRUE,,,N/A,605000,3,7,1,25.844376,-80.38559,FALSE,2,549562.5,8,344.3892719
44140029,11324 NW 52nd Ln,Doral,FL,33178,675000,SINGLE_FAMILY,1654,4000,3,2,1997,28,269,Substantially Remodeled,,1,TRUE,,,N/A,675000,3,7,2,25.821274,-80.38016,FALSE,,729500,8,375.3517299
113379003,8833 NW 107th Ct UNIT 104,Doral,FL,33178,420000,CONDO,1207,0,3,2,2010,15,440,,,0,FALSE,,,N/A,420000,3,7,2,25.853561,-80.37152,FALSE,2,340240,5,269.0774569
247699449,7825 NW 107th Ave APT 217,Doral,FL,33178,360000,CONDO,989,0,1,2,2016,9,883,New Construction,,1,TRUE,,,N/A,360000,3,7,2,25.844986,-80.37011,FALSE,8,442442.8571,7,356.0627915
44139262,11317 NW 59th Ter,Doral,FL,33178,1100000,SINGLE_FAMILY,2569,3964,5,3,1997,28,480,,,2,TRUE,,,N/A,1100000,3,7,5,25.828596,-80.38053,FALSE,,753328.5714,7,350.3814324
54695324,11101 NW 72nd Ter,Doral,FL,33178,1720000,SINGLE_FAMILY,2680,7600,4,5,2000,25,569,,,4,TRUE,TRUE,,N/A,1720000,3,7,5,25.838415,-80.37725,FALSE,,1395915,8,452.2488725
62938885,11609 NW 51st Ter,Doral,FL,33178,584000,TOWNHOUSE,1571,0,3,3,1999,26,300,Updated/Remodeled,,1,TRUE,,,N/A,584000,3,7,5,25.820225,-80.3849,FALSE,2,530742.8571,7,405.5900227
92439398,10885 NW 89th Ter UNIT 214,Doral,FL,33178,439900,CONDO,1503,0,3,3,2008,17,435,,,0,FALSE,,,N/A,439900,3,7,5,25.854738,-80.3744,FALSE,2,410460,5,325.3120494
247702655,7825 NW 107th Ave APT 409,Doral,FL,33178,440000,CONDO,1244,0,2,2,2016,9,924,,,2,TRUE,,,N/A,440000,3,7,5,25.844986,-80.37011,FALSE,8,432137.5,8,357.0554481
308909613,4648 NW 83rd Ave,Doral,FL,33166,750000,TOWNHOUSE,1929,0,3,4,2021,4,420,,,1,TRUE,,,N/A,750000,3,8,5,25.815226,-80.331856,FALSE,3,775842.8571,7,419.2698358
442376166,5300 NW 87th Ave #514,Miami,FL,33178,110000,CONDO,705,0,1,1,2007,18,1100,,,1,TRUE,,,N/A,110000,3,8,5,25.82071,-80.338165,TRUE,2,157655.5556,9,178.6463781
62938912,5212 NW 112th Ct,Doral,FL,33178,660000,SINGLE_FAMILY,1482,4000,3,2,1999,26,269,,,1,TRUE,,,N/A,660000,3,7,6,25.820986,-80.37849,FALSE,,734042.8571,7,377.4578087
67415300,8140 NW 108th Pl,Doral,FL,33178,692000,TOWNHOUSE,1894,0,4,3,2007,18,280,,Coach Home,1,TRUE,,,N/A,692000,3,7,6,25.846943,-80.37374,FALSE,2,598700,4,344.7585163
162034632,9145 NW 33rd St,Doral,FL,33172,800000,TOWNHOUSE,2335,0,4,4,2017,8,265,,,2,TRUE,,,N/A,800000,3,8,6,25.804958,-80.3451,FALSE,3,871640,5,344.3402313
44139308,11250 NW 59th Ter,Doral,FL,33178,850000,SINGLE_FAMILY,2028,5639,4,2,1997,28,480,,,2,TRUE,,,N/A,850000,3,7,7,25.82773,-80.37989,FALSE,,760175,8,399.1947656
70792908,4609 NW 97th Ct #1,Doral,FL,33178,350000,CONDO,1105,0,2,2,1990,35,600,,,2,TRUE,,,N/A,350000,3,8,7,25.815336,-80.35389,FALSE,1,381040,5,315.9259767
72569331,5000 NW 79th Ave APT 208,Doral,FL,33166,2100,CONDO,810,0,1,1,1972,53,,,,,FALSE,,,N/A,245000,3,8,6,25.819674,-80.32595,FALSE,,2132.142857,7,2.48495095
156486757,10531 NW 67th Ter,Doral,FL,33178,2300000,SINGLE_FAMILY,4034,5100,5,6,2022,3,980,,,22,TRUE,TRUE,,N/A,2300000,3,7,7,25.83486,-80.36786,FALSE,,2353142.857,7,565.1295485
44142952,4613 NW 94th Pl,Doral,FL,33178,955000,SINGLE_FAMILY,2996,6687,4,4,2000,25,360,,Mediterranean,2,TRUE,,,N/A,955000,3,8,8,25.815413,-80.35052,FALSE,,933236.2857,7,352.5124472
58453880,5610 NW 114th Pl APT 103,Doral,FL,33178,2600,CONDO,1050,0,2,2,2000,25,,,,,FALSE,,,N/A,355000,3,7,5,25.824434,-80.38294,FALSE,,2650,1,2.523809524
121348397,9935 NW 86th Ter,Doral,FL,33178,980000,SINGLE_FAMILY,3128,5000,4,4,2014,11,421,,,2,TRUE,,,N/A,980000,3,7,9,25.852362,-80.35904,FALSE,,988500,8,304.9138969
247701180,10261 NW 72nd Ter,Doral,FL,33178,720000,TOWNHOUSE,2043,0,4,4,2017,8,458,,,1,TRUE,,,N/A,720000,3,7,9,25.83968,-80.36501,FALSE,2,705416.6667,6,356.468072
247703137,6750 NW 103rd Ave,Doral,FL,33178,1100000,SINGLE_FAMILY,3000,3816,5,5,2018,7,659,,,2,TRUE,,,N/A,1100000,3,7,9,25.834864,-80.36443,FALSE,,965666.6667,6,333.1897569
443222823,10261 NW 72nd Ter #0,Miami,FL,33178,720000,TOWNHOUSE,2043,0,4,4,2017,8,458,,,1,TRUE,,,N/A,720000,3,7,9,25.839645,-80.36498,FALSE,2,705020,5,353.1020558
119406664,11503 NW 89th St APT 224,Doral,FL,33178,396900,CONDO,1256,,3,3,2011,14,578,,,0,FALSE,,,N/A,2850,3,7,1,25.854658,-80.383194,FALSE,3,322453.5714,7,268.2472416
44139832,10757 NW 70th Ter,Doral,FL,33178,950000,SINGLE_FAMILY,2147,5500,4,3,1999,26,480,,Other,2,TRUE,,,N/A,950000,3,7,12,25.838146,-80.37137,FALSE,,1086514.286,7,379.7032998
79854435,4520 NW 107th Ave #10310,Doral,FL,33178,429000,CONDO,960,0,2,2,1998,27,569,,,1,TRUE,,,N/A,429000,3,7,12,25.814432,-80.37053,FALSE,3,361620,5,392.9332864
79854831,7280 NW 114th Ave #3088,Doral,FL,33178,318200,CONDO,870,0,2,2,2003,22,343,,,0,FALSE,,,N/A,318150,3,7,146,25.83919,-80.38467,FALSE,3,363633.3333,3,411.3860469
79857540,7220 NW 114th Ave #10816,Doral,FL,33178,374000,CONDO,1109,,3,2,2003,22,383,,,1,TRUE,,,N/A,374000,3,7,12,25.838348,-80.38503,FALSE,3,349042.8571,7,385.4476613
247651324,5252 NW 85th Ave APT 606,Doral,FL,33166,430000,CONDO,777,0,1,1,2016,9,768,,,1,TRUE,,,N/A,430000,3,8,12,25.819138,-80.33642,FALSE,0,570023.75,8,505.0449115
247700714,10373 NW 68th Ter,Doral,FL,33178,1090000,SINGLE_FAMILY,2402,3780,4,4,2022,3,642,,,2,TRUE,,,N/A,1090000,3,7,12,25.836002,-80.365746,FALSE,,835471.4286,7,319.765789
342816171,5300 NW 87th Ave #212,Miami,FL,33178,200000,CONDO,2070,0,3,4,2007,18,3285,,,0,FALSE,,,N/A,200000,3,8,12,25.82071,-80.338165,FALSE,3,152362.5,8,188.8998807
44143258,9875 NW 27 Terrace,Doral,FL,33172,918000,SINGLE_FAMILY,1942,9760,3,2,1990,35,,Resale,,2,TRUE,TRUE,,N/A,918000,3,8,13,25.799755,-80.35644,FALSE,1,1044237.5,8,413.9065134
331698087,5350 NW 84th Ave #1010,Doral,FL,33166,395000,CONDO,423,0,0,1,2019,6,430,,,1,TRUE,,,N/A,395000,3,8,13,25.820618,-80.334854,FALSE,20,350125,8,375.790232
2077556225,8821 NW 102nd Ct #8821,Miami,FL,33178,701000,TOWNHOUSE,1757,0,4,3,2015,10,458,,,1,TRUE,,,N/A,701000,3,7,13,25.853933,-80.363,FALSE,2,613450,4,357.0281967
60761433,5410 NW 107th Ave APT 505,Doral,FL,33178,540000,TOWNHOUSE,1580,0,4,3,2001,24,276,,,0,FALSE,,,N/A,540000,3,7,16,25.82263,-80.371254,FALSE,2,,0,
62938846,11021 NW 43rd Ln,Doral,FL,33178,560000,TOWNHOUSE,1470,0,2,3,1999,26,177,Updated/Remodeled,,2,TRUE,,,N/A,560000,3,7,16,25.814184,-80.3759,FALSE,2,371600,3,233.7106918
44140436,11125 NW 43rd Ln,Doral,FL,33178,530,TOWNHOUSE,1470,0,2,3,1999,26,177,,,1,TRUE,,,N/A,530,3,7,19,25.814182,-80.377045,FALSE,2,508600,5,345.8555555
44143773,3481 Torremolinos Ave #A-39,Doral,FL,33178,630000,TOWNHOUSE,1712,0,3,3,1987,38,850,Updated/Remodeled,,1,TRUE,,,N/A,630000,3,8,19,25.806149,-80.36127,FALSE,2,,0,
156486727,10553 NW 68th Ter,Doral,FL,33178,1860600,SINGLE_FAMILY,3911,5000,4,6,2017,8,997,,,2,TRUE,TRUE,,N/A,1860000,3,7,62,25.83599,-80.36839,FALSE,,1906855,6,447.0673774
162033519,9167 NW 33rd St,Doral,FL,33172,850000,TOWNHOUSE,3424,0,4,4,2017,8,225,,,2,TRUE,,,N/A,850000,3,8,19,25.805134,-80.34511,FALSE,3,704900,5,293.8266089
247698523,10630 NW 88th St APT 219,Doral,FL,33178,455000,CONDO,1256,0,3,3,2016,9,389,,Old Spanish,1,TRUE,,,N/A,455000,3,7,19,25.851053,-80.36858,FALSE,2,410300,7,330.9221571
331699349,4640 SW 84th Ave APT 41,Doral,FL,33166,530000,CONDO,1129,0,3,2,2020,5,587,,,2,TRUE,,,N/A,450000,3,8,6,25.814026,-80.33436,FALSE,4,479416.6667,6,364.0132636
44142702,4414 NW 97th Pl,Doral,FL,33178,695000,TOWNHOUSE,1898,0,4,3,1998,27,235,Updated/Remodeled,,1,TRUE,,,N/A,695000,3,8,20,25.813654,-80.35494,FALSE,2,593787.5,8,319.2037643
62925480,11438 NW 62nd Ter APT 226,Doral,FL,33178,3100,TOWNHOUSE,1210,0,3,3,2000,25,,,,,FALSE,,,N/A,450000,3,7,17,25.829762,-80.38393,FALSE,,3200,2,2.588875771
64639860,4460 NW 79th Ave APT 2B,Doral,FL,33166,245000,APARTMENT,780,,1,1,1970,55,309,,,,FALSE,,,N/A,245000,3,8,20,25.814814,-80.32544,FALSE,,262333.3333,3,273.0865989
70766211,7751 NW 111th Ct,Doral,FL,33178,1200000,SINGLE_FAMILY,3053,5500,4,4,2007,18,252,,,2,TRUE,TRUE,,N/A,1200000,3,7,20,25.843842,-80.37737,FALSE,,937742.8571,7,341.9606194
308909667,4601 NW 83rd Ct,Doral,FL,33166,810000,TOWNHOUSE,2070,0,3,4,2022,3,420,,,2,TRUE,,,N/A,810000,3,8,20,25.814346,-80.33149,FALSE,3,698516.6667,6,382.8184599
337201791,10295 NW 64th Ter #302,Doral,FL,33178,3500,SINGLE_FAMILY,1102,0,3,2,,N/A,,,,,FALSE,TRUE,,N/A,433000,3,7,12,25.833118,-80.364525,FALSE,,5000,1,2.084201751
44141860,4770 NW 102nd Ave APT 102-19,Doral,FL,33178,265000,CONDO,926,0,2,2,1989,36,680,,,1,TRUE,TRUE,,N/A,265000,3,8,21,25.815903,-80.36164,FALSE,3,282625,4,279.0845695
70793904,8290 Lake Dr APT 514,Doral,FL,33166,300000,CONDO,1036,,2,2,1986,39,618,,,,FALSE,,,N/A,300000,3,8,21,25.81779,-80.331024,FALSE,,285500,6,311.0351297
247699938,10360 NW 64th St,Doral,FL,33178,905000,TOWNHOUSE,2683,0,4,5,2018,7,270,New Construction,,2,TRUE,,,N/A,905000,3,7,21,25.831482,-80.36573,FALSE,4,818740,5,343.4330269
443859634,10262 NW 52nd Ln #10262,Miami,FL,33178,650000,TOWNHOUSE,1524,0,3,2,1995,30,364,,Old Spanish,1,TRUE,TRUE,,N/A,650000,3,8,21,25.821165,-80.36277,FALSE,1,642816.6667,6,343.3784118
44143669,3783 Alcantara Ave #78,Doral,FL,33178,610000,CONDO,1712,,3,2,1985,40,620,,,,FALSE,,,N/A,610000,3,8,22,25.807714,-80.35506,FALSE,,570550,4,329.613674
62938056,10720 NW 66th St APT 304,Doral,FL,33178,475000,MULTI_FAMILY,1710,,2,2,2000,25,907,,,,FALSE,,,N/A,475000,3,7,22,25.831066,-80.37076,FALSE,,591400,1,345.8479532
70765392,4420 NW 79th Ave APT 2E,Doral,FL,33166,299000,CONDO,1060,0,2,2,1970,55,456,,,0,FALSE,,,N/A,299000,3,8,22,25.814993,-80.32588,FALSE,2,206233.3333,6,232.2633446
122015641,8930 NW 97th Ave APT 207,Doral,FL,33178,410000,CONDO,1335,0,3,3,2013,12,544,,,0,FALSE,,,N/A,410000,3,7,22,25.854471,-80.355606,FALSE,2,431760,5,338.5967871
308909413,8261 NW 48th Ter,Doral,FL,33166,1030000,SINGLE_FAMILY,2254,2385,4,4,2022,3,350,New Construction,Other,2,TRUE,,,N/A,1030000,3,8,22,25.816442,-80.33182,FALSE,,1055857.143,7,417.3433909
44140707,4445 NW 110th Ct,Doral,FL,33178,745000,SINGLE_FAMILY,1728,5000,3,2,2000,25,284,,,0,FALSE,,,N/A,745000,3,7,23,25.814695,-80.37578,FALSE,,797937.5,8,385.4817402
44141037,9735 NW 52nd St APT 207,Doral,FL,33178,350000,CONDO,1475,0,2,2,1983,42,628,,,0,FALSE,,,N/A,350000,3,8,23,25.823824,-80.35428,FALSE,5,391375,8,239.6589652
44142709,9759 NW 44th Ter,Doral,FL,33178,650000,TOWNHOUSE,1898,2574,3,2.5,1997,28,205,,,,FALSE,,,N/A,650000,3,8,23,25.814203,-80.35499,FALSE,,625628.5714,7,330.5005542
66179267,10749 NW 78th Ter,Doral,FL,33178,620000,TOWNHOUSE,1894,1306,4,2.5,2006,19,540,,,,FALSE,,,N/A,620000,3,7,23,25.846218,-80.371506,FALSE,,587066.6667,3,346.2789266
70793910,8290 Lake Dr APT 517,Doral,FL,33166,290000,CONDO,1036,0,2,2,1986,39,492,,,1,TRUE,,,N/A,290000,3,8,23,25.817423,-80.3316,FALSE,5,173575,8,224.1788229
121230400,8780 NW 98th Ave,Doral,FL,33178,635000,TOWNHOUSE,1783,0,4,3,2013,12,352,,,1,TRUE,,,N/A,635000,3,7,23,25.853325,-80.356834,FALSE,2,605828.5714,7,328.7115257
247701736,7661 NW 107th Ave APT 807,Doral,FL,33178,565000,CONDO,1514,0,3,3,2017,8,1048,,,2,TRUE,,,N/A,565000,3,7,23,25.843155,-80.37012,FALSE,8,456110,9,389.3852679
247702856,8074 NW 104th Ct,Doral,FL,33178,803000,SINGLE_FAMILY,2023,2125,4,4,2019,6,,,,,FALSE,,,N/A,803000,3,7,23,25.846943,-80.36719,FALSE,,769000,2,477.9146736
60796122,6740 NW 114th Ave APT 704,Doral,FL,33178,2750,CONDO,1271,0,3,2,2001,24,,,,,FALSE,,,N/A,368500,3,7,22,25.834156,-80.385635,FALSE,,2733.333333,6,2.075115335
62938554,10700 NW 66th St APT 405,Doral,FL,33178,470000,CONDO,1710,0,3,2,2002,23,605,,,0,FALSE,TRUE,,N/A,470000,3,7,26,25.829136,-80.37226,FALSE,5,482000,7,271.3938693
247700847,10390 NW 67th Ter,Doral,FL,33178,1150000,SINGLE_FAMILY,2402,4421,4,5,2022,3,642,,,2,TRUE,,,N/A,1150000,3,7,26,25.834436,-80.365974,FALSE,,1012700,3,357.9557979
62939692,4451 NW 112th Ct,Doral,FL,33178,770000,SINGLE_FAMILY,2421,3600,3,3,2011,14,224,,Mediterranean,2,TRUE,,,N/A,770000,3,7,27,25.814945,-80.37788,FALSE,,783772.4286,7,305.8163438
70793212,9745 NW 49th Ter #417,Doral,FL,33178,399000,CONDO,1349,0,2,2,1990,35,547,,,1,TRUE,,,N/A,399000,3,8,27,25.817085,-80.3547,FALSE,2,321625,8,321.1060446
79860111,11201 NW 83rd St APT 201,Doral,FL,33178,365000,TOWNHOUSE,1260,0,2,3,2006,19,564,,,0,FALSE,,,N/A,365000,3,7,27,25.839926,-80.38339,FALSE,3,,0,
308909822,4251 NW 83rd Ave,Doral,FL,33166,680000,TOWNHOUSE,1604,0,3,3,2023,2,192,,,1,TRUE,,,N/A,680000,3,8,27,25.812576,-80.33038,FALSE,2,831733.3333,3,379.8927718
2055098392,4496 NW 80th Ave,Doral,FL,33166,950000,SINGLE_FAMILY,2124,2808,4,4,2022,3,298,New Construction,,2,TRUE,,,N/A,950000,3,8,28,25.812445,-80.3275,FALSE,,964500,2,407.9065831
2072151729,10749 NW 78th Ter #10749,Miami,FL,33178,620000,TOWNHOUSE,1894,0,4,3,2006,19,300,,,2,TRUE,,,N/A,620000,3,7,28,25.84621,-80.371506,FALSE,2,587066.6667,3,346.2789266
62937785,6854 NW 107th Pl,Doral,FL,33178,880000,SINGLE_FAMILY,2287,3723,3,3,2000,25,549,New Construction,,1,TRUE,,,N/A,880000,3,7,30,25.835846,-80.37173,FALSE,,843025,4,383.2581878
121674941,10563 NW 70th Ln,Doral,FL,33178,960000,SINGLE_FAMILY,2878,4030,4,4,2013,12,615,,,4,TRUE,,,N/A,960000,3,7,30,25.83741,-80.368126,FALSE,,987425.375,8,336.1938655
162031637,7449 NW 101st Ave,Doral,FL,33178,1700000,SINGLE_FAMILY,3624,5391,5,5,2016,9,680,New Construction,,2,TRUE,TRUE,,N/A,1700000,3,7,30,25.841415,-80.36131,FALSE,,1591275,8,404.9634156
162032030,7515 NW 101st Pl,Doral,FL,33178,1650000,SINGLE_FAMILY,3624,5708,4,4,2017,8,650,,,2,TRUE,TRUE,,N/A,1650000,3,7,30,25.842188,-80.362,FALSE,,1221971.143,7,316.6335816
247649265,5300 Paseo Dr #601,Doral,FL,33166,525000,CONDO,1073,0,2,2,2016,9,1290,,,1,TRUE,,,N/A,525000,3,8,30,25.820751,-80.3363,FALSE,19,377037.5,8,408.1458967
44140233,5352 NW 110th Ave,Doral,FL,33178,1395000,SINGLE_FAMILY,2923,4992,5,4,1998,27,314,,,2,TRUE,TRUE,,N/A,1395000,3,7,33,25.822083,-80.376045,FALSE,,897187.5,8,375.6054985
62925612,10700 NW 66th St APT 114,Doral,FL,33178,514000,CONDO,1950,0,3,2,2002,23,1069,,,1,TRUE,,,N/A,514000,3,7,33,25.829136,-80.37226,FALSE,5,475714.2857,7,273.0030204
123866295,3315 NW 82nd Ct,Doral,FL,33122,2050000,SINGLE_FAMILY,3476,8392,4,5,2015,10,636,,,2,TRUE,TRUE,,N/A,2050000,3,8,33,25.804861,-80.32951,FALSE,,1889433.167,6,495.0228423
247649812,5252 NW 85th Ave APT 402,Doral,FL,33166,600000,CONDO,1455,0,3,2,2016,9,1340,,,2,TRUE,,,N/A,600000,3,8,33,25.819138,-80.33642,FALSE,15,565741.4286,7,518.2840225
337201176,6420 NW 102nd Path #107,Doral,FL,33178,524990,TOWNHOUSE,1322,0,3,3,2020,5,270,,,0,FALSE,,,N/A,524990,3,7,33,25.831964,-80.36407,FALSE,3,521250,2,395.376144
443994771,8290 NW Lake Dr #514,Miami,FL,33166,300000,CONDO,1036,0,2,2,1986,39,493,,,1,TRUE,,,N/A,300000,3,8,33,25.817423,-80.3316,FALSE,5,186511.1111,9,230.3725959
2071328671,3116 NW 101st Pl UNIT 3116,Miami,FL,33172,630000,TOWNHOUSE,2030,0,4,3,1998,27,237,,,1,TRUE,,,N/A,630000,3,8,33,25.80382,-80.36115,FALSE,2,569687.5,8,319.1671686
2079270794,8074 NW 104th Ct UNIT 8074,Miami,FL,33178,803000,TOWNHOUSE,2020,0,4,4,2019,6,277,,,2,TRUE,,,N/A,803000,3,7,33,25.846952,-80.367195,FALSE,2,705100,4,381.229315
44143302,9860 NW 27th St,Doral,FL,33172,1575500,SINGLE_FAMILY,,9760,4,3,1958,67,,,,1,TRUE,TRUE,,N/A,1575500,3,8,34,25.798498,-80.35619,FALSE,,1017385.714,7,403.3806294
79853272,7280 NW 114th Ave #1068,Doral,FL,33178,295000,CONDO,650,,1,1.5,2003,22,220,,,,FALSE,,,N/A,295000,3,7,34,25.839775,-80.38245,FALSE,,308766.6667,6,409.6351312
44143746,3434 Torremolinos Ave #A-34A,Doral,FL,33178,530000,TOWNHOUSE,1524,0,3,2,1986,39,850,,,1,TRUE,,,N/A,530000,3,8,35,25.805927,-80.36253,FALSE,1,587866.6667,3,343.3800623
70792163,8330 NW 107th Pl #621,Doral,FL,33178,520000,TOWNHOUSE,1507,0,4,3,2005,20,330,,,0,FALSE,,,N/A,520000,3,7,35,25.84934,-80.37158,FALSE,2,445540,5,306.97219
247649955,5252 NW 85th Ave APT 1703,Doral,FL,33166,460000,CONDO,950,,2,2,2016,9,630,,,,FALSE,,,N/A,460000,3,8,35,25.81903,-80.33635,FALSE,,561700,8,486.2098208
113378258,8800 NW 107th Ct UNIT 109,Doral,FL,33178,3000,SINGLE_FAMILY,,0,3,2,,N/A,,,,,FALSE,TRUE,,N/A,420000,3,7,33,25.853872,-80.37195,FALSE,,2950,1,2.297507788
247652180,5252 NW 85th Ave APT 301,Doral,FL,33166,510000,CONDO,1067,0,2,2,2016,9,1370,New Construction,,1,TRUE,,,N/A,510000,3,8,36,25.819138,-80.33642,FALSE,21,570023.75,8,505.0449115
2075773460,6661 NW 105th Ct #6661,Miami,FL,33178,750000,TOWNHOUSE,2399,0,3,4,2015,10,270,,,2,TRUE,,,N/A,750000,3,7,36,25.83407,-80.36842,FALSE,1,851640,5,320.098682
118914135,11485 NW 88th Ln,Doral,FL,33178,845000,SINGLE_FAMILY,2500,3920,4,3,2012,13,285,,,2,TRUE,,,N/A,845000,3,7,37,25.853823,-80.38376,FALSE,,874075,4,324.8060102
121674357,7059 NW 104th Ct,Doral,FL,33178,1107000,SINGLE_FAMILY,3205,4000,5,4,2014,11,614,,,2,TRUE,TRUE,,N/A,1107000,3,7,37,25.837666,-80.3665,FALSE,,953675,8,352.0125247
247701059,7661 NW 103rd Ct,Doral,FL,33178,1360000,SINGLE_FAMILY,2785,5000,4,4,2017,8,450,,,2,TRUE,,,N/A,1350000,3,7,33,25.843552,-80.36469,FALSE,,1092071.429,7,398.4773665
83162341,10764 NW 74th Ln,Doral,FL,33178,720000,TOWNHOUSE,2320,2787,4,4,2008,17,296,,,,FALSE,,,N/A,720000,3,7,40,25.84121,-80.37245,FALSE,,620233.3333,6,303.3296333
124751813,6422 NW 104th Path,Doral,FL,33178,900000,APARTMENT,2317,2199,3,2.5,2015,10,,,,,FALSE,,,N/A,900000,3,7,40,25.832502,-80.36925,FALSE,,,0,
44141091,9859 NW 52nd Ln,Doral,FL,33178,605000,TOWNHOUSE,1809,0,3,2,1984,41,415,,,1,TRUE,,,N/A,605000,3,8,41,25.82292,-80.35698,FALSE,2,624442.8571,7,346.2354881
62940551,9777 NW 29th Ter,Doral,FL,33172,920000,SINGLE_FAMILY,2452,5100,4,3,1995,30,250,,,2,TRUE,,,N/A,920000,3,8,41,25.80194,-80.35476,FALSE,,825928.5714,7,355.6658742
124751776,6661 NW 105th Ct,Doral,FL,33178,750000,MULTI_FAMILY,2399,1149,3,4,2015,10,,,,,FALSE,,,N/A,750000,3,7,41,25.834064,-80.36842,FALSE,,847100,1,298.8007055
44142333,10252 NW 52nd Ln,Doral,FL,33178,650000,TOWNHOUSE,1898,2574,3,2.5,1995,30,205,,,,FALSE,,,N/A,650000,3,8,42,25.821613,-80.362755,FALSE,,625450,6,356.7577229
62937853,6103 NW 116th Pl APT 457,Doral,FL,33178,440000,TOWNHOUSE,,0,3,3,2000,25,436,New Construction,,2,TRUE,,,N/A,440000,3,7,42,25.829683,-80.385216,FALSE,2,434700,3,379.2556986
444096331,3783 Alcantara Ave #E-78,Miami,FL,33178,610000,CONDO,1712,0,3,3,1985,40,880,,,0,FALSE,,,N/A,610000,3,8,42,25.808064,-80.35502,FALSE,1,533420,5,338.607041
62938017,7322 NW 113th Pl,Doral,FL,33178,750000,TOWNHOUSE,2104,0,3,3,2001,24,569,,Coach Home,1,TRUE,,,N/A,750000,3,7,47,25.839886,-80.382034,FALSE,2,753300,1,325.8217993
62938220,6700 NW 114th Ave APT 904,Doral,FL,33178,3050,CONDO,1271,0,3,2,2002,23,,,,,FALSE,,,N/A,420000,3,7,5,25.834219,-80.38408,FALSE,,2683.333333,6,2.035776232
123865031,8280 NW 34th St,Doral,FL,33122,1450000,SINGLE_FAMILY,3634,4300,5,5,2015,10,566,,,2,TRUE,,,N/A,1450000,3,8,47,25.805363,-80.33113,FALSE,,1675325,8,464.3209526
252196068,7875 NW 107th Ave APT 205,Doral,FL,33178,317000,CONDO,641,0,1,1,2017,8,779,,,1,TRUE,,,N/A,317000,3,7,47,25.845797,-80.37027,FALSE,5,351000,9,436.8106671
2062691501,6422 NW 104th Path #6422,Miami,FL,33178,900000,TOWNHOUSE,2317,0,4,4,2015,10,370,,,2,TRUE,,,N/A,900000,3,7,47,25.83252,-80.36799,FALSE,2,598360,5,321.2957524
44141878,4450 NW 102nd Pl,Doral,FL,33178,635000,TOWNHOUSE,1524,0,4,2,1992,33,355,,,0,FALSE,TRUE,,N/A,635000,3,8,48,25.814156,-80.362755,FALSE,1,494620,5,260.6006322
79857506,4460 NW 107th Ave APT 304-8,Doral,FL,33178,299000,CONDO,818,,2,1,1998,27,400,,,,FALSE,,,N/A,299000,3,7,48,25.815132,-80.37285,FALSE,,336962.5,8,409.1865394
44142480,10191 NW 43rd Ter,Doral,FL,33178,620000,TOWNHOUSE,1840,2574,4,2,2002,23,205,,,,FALSE,,,N/A,620000,3,8,49,25.81321,-80.36116,FALSE,,323300,2,183.7321777
60796256,5440 NW 107th Ave APT 214,Doral,FL,33178,499000,TOWNHOUSE,1460,0,3,3,2001,24,276,,,0,FALSE,,,N/A,499000,3,7,49,25.823254,-80.37285,FALSE,1,,0,
441730390,5164 NW 84th Ave #5164,Miami,FL,33166,882500,TOWNHOUSE,2438,0,3,4,2015,10,315,Updated/Remodeled,,2,TRUE,,,N/A,882500,3,8,49,25.8175,-80.33478,FALSE,3,848967.8571,7,367.5409453
62925871,3540 Estepona Ave #21-S-3,Doral,FL,33178,580000,TOWNHOUSE,1870,0,3,3,1977,48,850,,Old Spanish,1,TRUE,,,N/A,580000,3,8,50,25.80681,-80.36486,FALSE,2,573750,2,270.0629246
62937477,6438 NW 109th Ave,Doral,FL,33178,665000,TOWNHOUSE,1898,0,3,3,1998,27,569,,,1,TRUE,,,N/A,665000,3,7,50,25.831778,-80.37363,FALSE,2,692750,4,364.9894626
247702809,7751 NW 107th Ave APT 307,Doral,FL,33178,445000,CONDO,1130,0,2,2,2016,9,738,New Construction,,2,TRUE,,,N/A,445000,3,7,50,25.843985,-80.36997,FALSE,7,513375,8,375.437665
2071280028,10764 NW 74th Ln #10764,Miami,FL,33178,720000,TOWNHOUSE,2320,0,4,4,2008,17,390,,,2,TRUE,,,N/A,720000,3,7,50,25.841017,-80.37258,FALSE,2,521958.3333,6,252.167197
44141127,10123 NW 52nd Ter,Doral,FL,33178,617500,TOWNHOUSE,1809,,3,2,1985,40,539,,,1,TRUE,,,N/A,617500,3,8,51,25.821882,-80.359985,FALSE,2,564550,6,342.1814904
79859331,7200 NW 114th Ave APT 307,Doral,FL,33178,355000,CONDO,870,0,2,2,2003,22,342,,,1,TRUE,,,N/A,355000,3,7,51,25.838392,-80.38311,FALSE,3,346333.3333,6,418.0311973
252194575,7875 NW 107th Ave APT 702,Doral,FL,33178,98600,CONDO,686,,1,2,2017,8,,,,,FALSE,,,N/A,98600,3,7,51,25.845715,-80.37018,FALSE,,395725,4,450.9076867
331700298,8039 NW 104th Ave #1,Doral,FL,33178,515000,TOWNHOUSE,1236,0,3,2,2019,6,527,,,1,TRUE,,,N/A,515000,3,7,51,25.845911,-80.365814,FALSE,3,603700,2,413.0825637
44144058,9982 Costa Del Sol Blvd #G-87,Doral,FL,33178,4000,CONDO,1524,0,3,2,1990,35,,,,,FALSE,,,N/A,595000,3,8,14,25.806414,-80.35786,FALSE,,,0,
62938583,10700 NW 66th St APT 112,Doral,FL,33178,480000,CONDO,1710,0,2,2,2002,23,1089,,,1,TRUE,,,N/A,480000,3,7,54,25.829136,-80.37226,FALSE,5,480571.4286,7,270.5584474
70772390,11321 NW 84th St,Doral,FL,33178,4100,SINGLE_FAMILY,2379,2099,5,3,2006,19,265,,,,FALSE,,,N/A,4100,3,7,54,25.850319,-80.38052,FALSE,,702266.6667,6,314.7767285
308909353,10229 NW 64th Ter APT 304,Doral,FL,33178,430000,CONDO,1102,0,3,2,2018,7,569,New Construction,,0,FALSE,,,N/A,430000,3,7,54,25.83204,-80.366005,FALSE,3,480000,1,365.0190114
440501936,10191 NW 43rd Ter #10191,Miami,FL,33178,4200,TOWNHOUSE,1861,0,4,3,2002,23,,,,,FALSE,,,N/A,620000,3,8,8,25.813267,-80.36114,FALSE,,3712.5,4,1.917949075
44139189,10942 NW 59th St,Doral,FL,33178,1180000,SINGLE_FAMILY,2401,5500,4,3,1997,28,569,Completely Renovated,,2,TRUE,TRUE,,N/A,1180000,3,7,55,25.827366,-80.3747,FALSE,,1005500,6,410.4570589
44139569,10922 NW 70th St,Doral,FL,33178,840000,SINGLE_FAMILY,2303,2720,3,3,1999,26,569,,,2,TRUE,,,N/A,840000,3,7,55,25.836145,-80.37515,FALSE,,818700,3,377.4797723
62937928,11411 NW 60th St APT 274,Doral,FL,33178,390000,TOWNHOUSE,980,0,2,3,2001,24,430,,,1,TRUE,,,N/A,390000,3,7,56,25.828875,-80.38313,FALSE,2,353704,5,328.3047619
72560991,4810 NW 79th Ave APT 101,Doral,FL,33166,250000,CONDO,810,0,1,1,1972,53,380,,,1,TRUE,,,N/A,250000,3,8,56,25.817896,-80.326614,FALSE,3,221731.25,8,263.0820636
72565585,8161 NW 116th Ave,Doral,FL,33178,680000,SINGLE_FAMILY,,,4,3,,N/A,,,,,FALSE,,,N/A,680000,3,7,56,25.847519,-80.38533,FALSE,,,0,
308909783,4281 NW 83rd Path,Doral,FL,33166,665000,TOWNHOUSE,1424,0,3,3,2023,2,400,,,2,TRUE,,,N/A,665000,3,8,56,25.812778,-80.33167,FALSE,3,767333.3333,6,407.7925527
44141214,4825 NW 98th Pl,Doral,FL,33178,700000,TOWNHOUSE,1759,2609,3,2,1987,38,1503,,,,FALSE,,,N/A,700000,3,8,57,25.817333,-80.35709,FALSE,,648000,2,344.5511889
44144177,9816 NW 32nd St,Doral,FL,33172,776000,SINGLE_FAMILY,1946,5093,3,2,1994,31,250,,,0,FALSE,,,N/A,776000,3,8,57,25.803604,-80.35541,FALSE,,661339.2857,7,274.8919319
103434292,5300 NW 87th Ave #1007,Doral,FL,33178,75000,APARTMENT,705,,1,1,,N/A,,,,,FALSE,,,N/A,75000,3,8,57,25.82035,-80.33788,TRUE,,203200,2,149.4983972
62925532,6670 NW 114th Ave APT 601,Doral,FL,33178,370000,CONDO,1271,,3,2,2002,23,646,,,,FALSE,,,N/A,370000,3,7,58,25.833948,-80.38444,FALSE,,396520,5,309.8453437
62925637,4291 NW 112th Ct,Doral,FL,33178,650000,TOWNHOUSE,2054,0,4,3,1997,28,225,,,1,TRUE,,,N/A,650000,3,7,58,25.81322,-80.37784,FALSE,2,542533.3333,3,352.7471433
124752069,10399 NW 89th Ter,Doral,FL,33178,640000,TOWNHOUSE,1777,2805,3,2.5,2017,8,,,,,FALSE,,,N/A,640000,3,7,58,25.854918,-80.3661,FALSE,,586583.3333,6,339.7340968
58453948,(Undisclosed Address),Doral,FL,33178,400000,TOWNHOUSE,1470,0,2,3,2000,25,600,,,0,FALSE,,,N/A,400000,3,7,61,,,FALSE,2,452033.3333,3,314.5646897
62925862,4601 NW 93rd Doral Ct,Doral,FL,33178,1250000,SINGLE_FAMILY,2155,5384,4,3,1990,35,845,,,2,TRUE,TRUE,,N/A,1250000,3,8,61,25.815273,-80.34466,FALSE,,1274342.857,7,499.0095168
247698929,7751 NW 107th Ave APT 705,Doral,FL,33178,650000,CONDO,1684,0,3,3,2016,9,698,,,2,TRUE,,,N/A,650000,3,7,61,25.843927,-80.36994,FALSE,8,436399.875,8,352.2879091
247701499,8142 NW 105th Ct,Doral,FL,33178,785000,TOWNHOUSE,2100,0,3,3,2018,7,275,,,2,TRUE,TRUE,,N/A,785000,3,7,61,25.847424,-80.36881,FALSE,2,658520,5,376.7784981
440778786,5300 NW 87th Ave #1004,Miami,FL,33178,110000,CONDO,705,0,1,1,2008,17,1587,,,0,FALSE,,,N/A,110000,3,8,61,25.82071,-80.338165,FALSE,4,157655.5556,9,178.6463781
44143397,3831 Estepona Ave UNIT 11-D-2,Doral,FL,33178,500000,TOWNHOUSE,1812,,3,2,1975,50,835,,,1,TRUE,,,N/A,500000,3,8,62,25.809694,-80.36236,FALSE,2,530200,3,322.8683281
62925654,5236 NW 112th Ct,Doral,FL,33178,810000,SINGLE_FAMILY,1842,4000,3,2,1999,26,247,,,2,TRUE,TRUE,,N/A,810000,3,7,62,25.821203,-80.3785,FALSE,,716112.5,8,371.032673
331698685,5350 NW 84th Ave #1204,Doral,FL,33166,585000,CONDO,1016,0,2,2,2019,6,1259,,,1,TRUE,,,N/A,585000,3,8,62,25.820618,-80.334854,TRUE,20,350125,8,375.790232
62940348,9791 NW 27th St,Doral,FL,33172,785000,SINGLE_FAMILY,1776,0.350091827,4,2,1948,77,,Substantially Remodeled,,0,FALSE,,,N/A,785000,3,8,63,25.799002,-80.354904,FALSE,,1042057.143,7,343.3535159
70794026,10333 NW 32nd Ter,Doral,FL,33172,550000,TOWNHOUSE,1854,1494,3,2.5,2006,19,299,,,,FALSE,,,N/A,550000,3,8,63,25.804144,-80.36356,FALSE,,564650,2,305.8254481
2071282297,8161 NW 116th Ave #8161,Miami,FL,33178,680000,TOWNHOUSE,2708,0,4,3,2013,12,195,,,1,TRUE,,,N/A,680000,3,7,63,25.847534,-80.38533,FALSE,2,741580,5,327.5362296
44141839,(Undisclosed Address),Doral,FL,33178,350000,CONDO,827,0,2,2,1989,36,654,,,0,FALSE,,,N/A,350000,3,8,64,,,FALSE,2,313887.5,8,324.8010136
62938835,4873 NW 111th Ave,Doral,FL,33178,748000,TOWNHOUSE,2007,2896,3,2.5,1999,26,180,,,,FALSE,,,N/A,748000,3,7,64,25.817892,-80.37686,FALSE,,670250,2,376.3734402
70793142,9747 NW 48th Ter #327,Doral,FL,33178,300000,CONDO,1128,0,2,2,1990,35,546,,,0,FALSE,,,N/A,300000,3,8,64,25.817686,-80.35473,FALSE,2,332220,5,309.8364313
440716679,10399 NW 89th Ter #10399,Miami,FL,33178,640000,TOWNHOUSE,1777,0,3,3,2017,8,310,,,1,TRUE,,,N/A,640000,3,7,64,25.854923,-80.36608,FALSE,1,588916.6667,6,338.4561135
247700005,7751 NW 107th Ave APT 422,Doral,FL,33178,340000,CONDO,989,,2,2,2016,9,,,,,FALSE,,,N/A,340000,3,7,65,25.843975,-80.36969,FALSE,,501228.5714,7,375.4973313
44141132,10102 NW 52nd Ter,Doral,FL,33178,620000,TOWNHOUSE,1748,0,3,3,1987,38,539,,,0,FALSE,,,N/A,620000,3,8,68,25.821566,-80.35981,FALSE,2,599733.3333,6,335.5037168
66668783,7822 NW 109th Path,Doral,FL,33178,574999,TOWNHOUSE,1683,0,3,3,2006,19,345,,,1,TRUE,,,N/A,574999,3,7,68,25.84461,-80.37598,FALSE,2,533607.1429,7,321.8708793
252196006,7875 NW 107th Ave APT 515,Doral,FL,33178,314000,CONDO,761,0,1,1,2017,8,695,,,0,FALSE,,,N/A,314000,3,7,68,25.845797,-80.37027,FALSE,5,351000,9,436.8106671
442537972,4873 NW 111th Ave #4873,Miami,FL,33178,748000,TOWNHOUSE,2007,0,3,3,1999,26,250,"Updated/Remodeled,Completely Renovated",,2,TRUE,,,N/A,748000,3,7,68,25.81791,-80.37691,FALSE,2,670250,2,376.3734402
70793460,8120 Geneva Ct APT 349,Doral,FL,33166,323000,CONDO,992,,2,2,1984,41,330,,,,FALSE,,,N/A,323000,3,8,69,25.817991,-80.33081,FALSE,,244752.5,8,329.5922379
308909509,4751 NW 84th Ave,Doral,FL,33166,635000,TOWNHOUSE,1482,0,3,3,2019,6,393,,,1,TRUE,,,N/A,635000,3,8,69,25.815292,-80.333855,FALSE,2,832833.3333,3,378.2283649
405315413,10333 NW 32nd Ter #3,Miami,FL,33172,550000,TOWNHOUSE,,0,3,3,2006,19,360,,,1,TRUE,,,N/A,550000,3,8,70,25.804115,-80.36356,FALSE,2,559766.6667,3,302.7689252
44143769,3443 Torremolinos Ave #B-38,Doral,FL,33178,555000,TOWNHOUSE,1712,0,3,3,1987,38,850,,,1,TRUE,,,N/A,555000,3,8,71,25.805723,-80.36133,FALSE,2,584583.3333,3,355.0459522
44143071,8041 Lake Dr UNIT 201,Doral,FL,33166,315000,CONDO,857,,2,2,1989,36,250,,,0,FALSE,,,N/A,315000,3,8,75,25.81966,-80.32804,FALSE,2,275275,8,329.3003577
162031600,7751 NW 107th Ave APT 422,Miami,FL,33178,340000,CONDO,989,0,1,2,2016,9,656,,,1,TRUE,,,N/A,340000,3,7,75,25.843985,-80.36997,TRUE,8,526500,8,381.690629
162032412,7423 NW 102nd Ct,Doral,FL,33178,2225000,SINGLE_FAMILY,4368,0,5,6,2017,8,930,New Construction,,2,TRUE,TRUE,,N/A,2225000,3,7,75,25.841326,-80.3626,FALSE,,1970804.286,7,447.4549792
122016959,8930 NW 97th Ave UNIT 208,Doral,FL,33178,385000,CONDO,1205,,2,3,2013,12,335,As Is,,0,FALSE,,,N/A,385000,3,7,76,25.854445,-80.35559,FALSE,3,438900,4,349.8729111
308906792,8175 NW 48th Ter,Doral,FL,33166,1800000,SINGLE_FAMILY,3714,4700,4,4,2019,6,377,,,2,TRUE,TRUE,,N/A,1800000,3,8,76,25.816956,-80.3305,FALSE,,2241166.667,6,517.9693309
62940240,4550 NW 93rd Doral Ct,Doral,FL,33178,1550000,SINGLE_FAMILY,2850,6507,4,3,1991,34,650,,,,FALSE,,,N/A,1550000,3,8,77,25.814823,-80.3452,FALSE,,1316225,8,508.5760159
64479538,4620 NW 79th Ave APT 1C,Doral,FL,33166,270000,CONDO,780,0,1,1,1970,55,335,,,0,FALSE,TRUE,,N/A,270000,3,8,78,25.816595,-80.32658,FALSE,2,256383.3333,6,267.2701984
66174471,9761 NW 28th Ter,Doral,FL,33172,1500000,SINGLE_FAMILY,3369,0.280073462,5,4,2003,22,,,,3,TRUE,TRUE,,N/A,1500000,3,8,78,25.800556,-80.35473,FALSE,,944500,5,383.172541
79859011,7250 NW 114th Ave APT 202,Doral,FL,33178,285000,CONDO,650,0,1,2,2003,22,224,,,0,FALSE,,,N/A,285000,3,7,78,25.840296,-80.38287,FALSE,2,2500,1,2.873563218
308909578,4655 NW 84th Ave,Doral,FL,33166,640000,TOWNHOUSE,1482,0,3,3,2020,5,193,,,1,TRUE,,,N/A,640000,3,8,78,25.814486,-80.33334,FALSE,2,783980,5,390.9191965
62938203,6670 NW 114th Ave UNIT 626,Doral,FL,33178,370000,CONDO,1115,,2,2,2002,23,408,,,0,FALSE,,,N/A,370000,3,7,79,25.833948,-80.38444,FALSE,3,392100,6,306.7226802
62940184,9466 NW 54th Doral Circle Ln,Doral,FL,33178,2237500,SINGLE_FAMILY,2632,0.284205693,4,3,1986,39,679,,,2,TRUE,TRUE,,N/A,2237500,3,8,82,25.823004,-80.35166,FALSE,,2270400,7,641.3459984
156498865,5300 Paseo Dr #1211,Doral,FL,33166,560000,CONDO,1103,,2,2,2016,9,,,,,FALSE,,,N/A,560000,3,8,82,25.820528,-80.336655,FALSE,,630777.7778,9,505.8484437
162031666,9734 NW 75th St,Doral,FL,33178,1565000,SINGLE_FAMILY,3113,4095,5,5,2016,9,757,New Construction,,2,TRUE,TRUE,,N/A,1565000,3,7,82,25.841618,-80.35518,FALSE,,1288100,7,410.4466553
331699836,6450 NW 102nd Ct #301,Doral,FL,33178,432500,CONDO,1102,0,3,2,2019,6,567,Completely Renovated,,1,TRUE,,,N/A,432500,3,7,82,25.832489,-80.36315,FALSE,3,571675,4,329.0209672
343000819,4368 NW 80th Ave,Doral,FL,33166,1000000,SINGLE_FAMILY,2158,2306,3,3,2022,3,378,Completely Renovated,,2,TRUE,,,N/A,1000000,3,8,82,25.81374,-80.32765,FALSE,,617975,4,279.8408585
44142059,5771 NW 98th Ct,Doral,FL,33178,665000,SINGLE_FAMILY,1219,3383,3,2,1993,32,295,Substantially Remodeled,,2,TRUE,,,N/A,665000,3,8,83,25.825788,-80.35678,FALSE,,664457.1429,7,410.9226161
252195994,10351 NW 66th St,Doral,FL,33178,900000,TOWNHOUSE,2379,0,4,4,2019,6,270,,,2,TRUE,,,N/A,900000,3,7,84,25.833637,-80.36565,FALSE,2,609955.3333,6,293.9871963
62938074,10720 NW 66th St APT 411,Doral,FL,33178,515000,CONDO,1710,0,3,2,2000,25,531,Updated/Remodeled,,0,FALSE,,,N/A,515000,3,7,85,25.82966,-80.37118,FALSE,5,364687.5,8,200.1874448
124751525,8805 NW 103rd Pl,Doral,FL,33178,698000,TOWNHOUSE,1757,,4,3,,N/A,,,,,FALSE,,,N/A,698000,3,7,85,25.85366,-80.36546,FALSE,,619557.1429,7,353.150457
162031695,3331 Torremolinos Ave #F44,Doral,FL,33178,550000,TOWNHOUSE,1524,,3,2,1985,40,620,,,,FALSE,,,N/A,550000,3,8,85,25.804827,-80.36308,FALSE,,570000,1,332.9439252
162032519,10128 NW 74th Ter,Doral,FL,33178,1650000,SINGLE_FAMILY,3624,4854,5,5,2016,9,618,New Construction,,2,TRUE,TRUE,,N/A,1650000,3,7,85,25.84107,-80.36184,FALSE,,1586225,4,423.3986318
308906704,8375 NW 49th St,Doral,FL,33166,825000,TOWNHOUSE,1894,2178,3,3,2018,7,,,,,FALSE,,,N/A,825000,3,8,85,25.81645,-80.33341,FALSE,,728775,4,408.2222714
352069702,10220 63rd Ter #209,Doral,FL,33178,560000,CONDO,1821,0,3,3,2016,9,552,Updated/Remodeled,,1,TRUE,,,N/A,560000,3,7,85,25.830814,-80.363304,FALSE,2,458240,5,265.1024531
70793168,4874 NW 97th Ct #360,Doral,FL,33178,300000,CONDO,907,0,1,1,1990,35,440,,,0,FALSE,,,N/A,300000,3,8,86,25.81785,-80.35444,FALSE,2,276633.3333,6,280.6346982
70793524,8215 Lake Dr #101,Doral,FL,33166,2150,APARTMENT,810,0,1,1,,N/A,,,,,FALSE,,,N/A,255000,3,8,0,25.818123,-80.32981,FALSE,,2225,6,2.476154276
2091037470,5300 Paseo Blvd APT 1211,Doral,FL,33166,560000,CONDO,1103,0,2,2,2016,9,1317,,,1,TRUE,,,N/A,560000,3,8,86,25.820751,-80.3363,FALSE,22,393477.7778,9,417.1610622
44142100,10546 NW 51st St,Doral,FL,33178,1099900,SINGLE_FAMILY,1905,6277,3,2,1993,32,455,,,1,TRUE,TRUE,,N/A,1099900,3,8,89,25.819487,-80.36684,FALSE,,1023787.5,8,381.5575948
68013874,7849 NW 108th Pl,Doral,FL,33178,600000,TOWNHOUSE,1683,1877,3,3,2005,20,230,,,,FALSE,,,N/A,600000,3,7,89,25.845612,-80.37314,TRUE,,576114.2857,7,359.0713978
79855929,7330 NW 114th Ave #3125,Doral,FL,33178,355000,APARTMENT,910,,2,2,2003,22,220,,,,FALSE,,,N/A,355000,3,7,89,25.840117,-80.38244,FALSE,,,0,
70766168,10951 NW 86th Ter,Doral,FL,33178,4250,TOWNHOUSE,2217,,4,3,,N/A,,,,,FALSE,,,N/A,4250,3,7,91,25.85207,-80.37606,FALSE,,699466.6667,6,307.8653691
70792863,11225 NW 87th St,Doral,FL,33178,540000,TOWNHOUSE,1765,1494,3,2.5,2011,14,716,,,,FALSE,,,N/A,540000,3,7,92,25.852644,-80.379425,FALSE,,573800,7,334.8103865
162031613,7451 NW 103rd Ct,Doral,FL,33178,1850000,SINGLE_FAMILY,4874,6143,6,7,2016,9,953,,,3,TRUE,TRUE,,N/A,1850000,3,7,92,25.841583,-80.36519,FALSE,,1717008.333,6,385.8742444
247651150,5300 Paseo Dr #307,Doral,FL,33166,400000,CONDO,755,,1,1,2016,9,385,,,,FALSE,,,N/A,400000,3,8,92,25.820528,-80.336655,FALSE,,630777.7778,9,505.8484437
66109168,10828 NW 84th St,Doral,FL,33178,680000,TOWNHOUSE,2155,0,3,3,2006,19,364,,Coach Home,2,TRUE,,,N/A,680000,3,7,93,25.849571,-80.37338,FALSE,2,651700,4,328.8188877
118914729,11501 NW 89th St APT 103,Doral,FL,33178,339300,CONDO,1207,,3,2,2011,14,365,,,,FALSE,,,N/A,339300,3,7,93,25.854,-80.383415,FALSE,,417214.2857,7,347.5385436
122018962,6125 NW 104th Ct,Doral,FL,33178,580400,TOWNHOUSE,2328,2112,4,3,2014,11,,,,,FALSE,,,N/A,580400,3,7,93,25.828823,-80.366234,FALSE,,712016.6667,6,315.7471145
247701395,10245 NW 63rd Ter APT 208,Doral,FL,33178,600000,CONDO,1923,0,3,3,2016,9,560,"Updated/Remodeled,New Construction",,1,TRUE,,,N/A,600000,3,7,93,25.831188,-80.36311,FALSE,2,428240,5,268.8764275
442536959,8375 NW 49th St #0,Miami,FL,33166,825000,TOWNHOUSE,1894,0,3,4,2018,7,393,,,2,TRUE,,,N/A,825000,3,8,93,25.816105,-80.334274,FALSE,2,664420,5,429.2556553
54701056,11338 NW 72nd Ln,Doral,FL,33178,736000,SINGLE_FAMILY,2312,2720,4,3,2001,24,690,,,1,TRUE,,,N/A,736000,3,7,96,25.839212,-80.38123,FALSE,,714574.6667,6,321.4520251
54859590,11219 NW 73rd Ter,Doral,FL,33178,780000,SINGLE_FAMILY,2312,2720,4,3,2001,24,569,New Construction,,1,TRUE,,,N/A,780000,3,7,96,25.840288,-80.379364,FALSE,,757500,3,338.2746016
70793968,8290 Lake Dr APT 134,Doral,FL,33166,300000,CONDO,1036,0,2,2,1986,39,493,,,0,FALSE,,,N/A,300000,3,8,96,25.817436,-80.32999,FALSE,5,284566.6667,3,340.6873992
247653018,5252 NW 85th Ave APT 709,Doral,FL,33166,460000,CONDO,950,0,2,2,2016,9,981,,,1,TRUE,,,N/A,460000,3,8,96,25.819138,-80.33642,FALSE,20,570023.75,8,505.0449115
353471215,10252 NW 52nd Ln #10252,Miami,FL,33178,650000,TOWNHOUSE,1898,0,3,3,1995,30,470,,,1,TRUE,,,N/A,650000,3,8,96,25.82134,-80.362404,FALSE,2,627116.6667,6,330.4092027
64579675,4560 NW 79th Ave APT 2H,Doral,FL,33166,158100,CONDO,1060,0,2,2,1970,55,395,,,0,FALSE,,,N/A,158100,3,8,97,25.814945,-80.32555,FALSE,2,257920,5,291.4233188
79855712,4440 NW 107th Ave APT 107-7,Doral,FL,33178,299000,CONDO,743,,1,1,1998,27,361,,,,FALSE,,,N/A,299000,3,7,97,25.81473,-80.37321,FALSE,,347860,5,403.3946289
58453866,5600 NW 114th Pl APT 105,Doral,FL,33178,460000,TOWNHOUSE,1620,0,3,2,2000,25,620,,,0,FALSE,,,N/A,460000,3,7,99,25.824556,-80.3822,FALSE,2,286966.6667,3,236.9217297
70762858,7476 NW 113th Path,Doral,FL,33178,720000,SINGLE_FAMILY,2355,2736,5,3,2004,21,250,,,,FALSE,,,N/A,720000,3,7,99,25.841469,-80.38213,FALSE,,689533.3333,3,314.0114622
162031855,7473 NW 101st Ave,Doral,FL,33178,1130000,SINGLE_FAMILY,3624,5392,5,5,2016,9,498,,,,FALSE,,,N/A,1130000,3,7,99,25.841738,-80.36128,FALSE,,1610557.143,7,431.6975453
252194963,10449 NW 66th St,Doral,FL,33178,690000,TOWNHOUSE,1692,1868,3,2.5,2018,7,692,,,,FALSE,,,N/A,690000,3,7,99,25.83374,-80.36711,FALSE,,712925,4,345.3662165
2071274050,5300 NW 85th Ave APT 307,Miami,FL,33166,400000,CONDO,698,0,1,1,2016,9,845,,,1,TRUE,,,N/A,400000,3,8,99,25.82057,-80.336395,FALSE,15,427791.6667,9,492.639762
44142595,9725 NW 52nd St APT 312,Doral,FL,33178,380000,CONDO,1199,0,2,2,1995,30,531,,,0,FALSE,,,N/A,380000,3,8,100,25.821741,-80.35425,FALSE,5,418770.7143,7,345.182366
44143917,10014 NW 41st St #32,Doral,FL,33178,430000,TOWNHOUSE,1392,0,2,3,1988,37,512,,,0,FALSE,,,N/A,430000,3,8,100,25.810894,-80.35828,FALSE,2,,0,
83161729,7504 NW 108th Path,Doral,FL,33178,655000,TOWNHOUSE,2062,2208,3,3,2009,16,293,,,,FALSE,,,N/A,655000,3,7,100,25.841684,-80.37423,FALSE,,658133.3333,6,304.3300792
121343823,11605 NW 89th St APT 220,Doral,FL,33178,450000,CONDO,1500,0,3,3,2012,13,547,,,2,TRUE,,,N/A,450000,3,7,100,25.854671,-80.38647,FALSE,2,401528.5714,7,325.3644978
247679619,5252 NW 85th Ave APT 601,Doral,FL,33166,475000,CONDO,1067,0,2,2,2016,9,1369,,,1,TRUE,,,N/A,475000,3,8,100,25.819138,-80.33642,FALSE,20,570023.75,8,505.0449115
308909348,10229 NW 64th Ter #106,Doral,FL,33178,480000,CONDO,1315,0,3,3,2018,7,570,,,0,FALSE,,,N/A,480000,3,7,100,25.83204,-80.366005,FALSE,1,430000,1,390.199637
337203068,10295 NW 64th Ter #303,Doral,FL,33178,430000,CONDO,1102,0,3,2,2020,5,603,,,0,FALSE,,,N/A,430000,3,7,100,25.83203,-80.36452,FALSE,3,450000,1,408.3484574
442000782,7849 NW 108th Pl #0,Miami,FL,33178,600000,TOWNHOUSE,1683,0,3,3,2005,20,210,,,2,TRUE,,,N/A,600000,3,7,100,25.845634,-80.373184,FALSE,2,576114.2857,7,359.0713978
445784829,8899 NW 107th Ct UNIT 104,Doral,FL,33178,410000,CONDO,1313,0,3,2,2010,15,460,,,0,FALSE,TRUE,,N/A,410000,3,7,100,25.853867,-80.3711,FALSE,2,318625,4,260.8401077
2071311251,11225 NW 87th St #0,Miami,FL,33178,540000,TOWNHOUSE,1589,0,3,3,2011,14,320,,,1,TRUE,,,N/A,540000,3,7,100,25.852657,-80.379425,FALSE,0,573800,7,329.9693341
62940255,4473 NW 93rd Doral Ct,Doral,FL,33178,1300000,SINGLE_FAMILY,2402,6571,4,3,1991,34,775,,,2,TRUE,,,N/A,1300000,3,8,101,25.813597,-80.34511,FALSE,,1247062.5,8,487.9791645
64618318,4660 NW 79th Ave APT 1C,Doral,FL,33166,280000,CONDO,1060,0,2,2,1970,55,460,,,0,FALSE,,,N/A,280000,3,8,103,25.816925,-80.32561,FALSE,2,278000,3,262.2641509
69807950,7741 NW 111th Ct,Doral,FL,33178,1150000,SINGLE_FAMILY,3053,6835,4,4,2006,19,240,,,2,TRUE,TRUE,,N/A,1150000,3,7,103,25.843683,-80.37739,FALSE,,988800,7,362.7075149
121345032,9835 NW 89th Ter,Doral,FL,33178,7700,SINGLE_FAMILY,4159,5000,5,5,2013,12,,,,,FALSE,,,N/A,955000,3,7,16,25.85495,-80.35727,FALSE,,6500,1,2.078005115
247702558,7805 NW 104th Ave APT 36,Doral,FL,33178,475000,CONDO,1236,0,3,2,2016,9,645,,,0,FALSE,,,N/A,475000,3,7,103,25.84474,-80.36601,FALSE,3,447628.5714,7,374.7970229
308906185,4955 NW 84th Ave,Doral,FL,33166,660000,TOWNHOUSE,1482,0,3,3,2018,7,393,"Updated/Remodeled,New Construction",,1,TRUE,,,N/A,660000,3,8,103,25.816618,-80.3344,FALSE,2,679228.5714,7,424.1160902
2071323644,5300 NW 87th Ave #813,Miami,FL,33178,140000,CONDO,2070,0,3,4,2007,18,3285,,,0,FALSE,,,N/A,140000,3,8,103,25.820667,-80.33824,FALSE,3,177555.5556,9,181.0712895
44140095,5001 NW 114th Ct,Doral,FL,33178,530000,TOWNHOUSE,923,,2,2,1997,28,300,As Is,,1,TRUE,,,N/A,530000,3,7,104,25.819056,-80.3821,FALSE,1,566480,5,319.1075225
44141235,9947 NW 47th Ter,Doral,FL,33178,700000,SINGLE_FAMILY,1869,4845,3,2,1987,38,383,,,0,FALSE,,,N/A,700000,3,8,104,25.816639,-80.35876,FALSE,,762437.5,8,393.2280713
62938176,6440 NW 114th Ave UNIT 405,Doral,FL,33178,415000,CONDO,1271,0,3,2,2001,24,408,,,2,TRUE,,,N/A,415000,3,7,104,25.832619,-80.385735,FALSE,2,322041.6667,6,273.0900831
65434116,10960 NW 84th St,Doral,FL,33178,955900,SINGLE_FAMILY,1985,6123,4,3,2005,20,300,,,2,TRUE,,,N/A,850000,3,7,59,25.849602,-80.37638,FALSE,,967000,8,332.0128924
122018860,8900 NW 97th Ave APT 207,Doral,FL,33178,410000,CONDO,1335,0,3,3,2013,12,476,,,2,TRUE,,,N/A,410000,3,7,104,25.854317,-80.35503,FALSE,2,423560,5,323.689869
124723405,10518 NW 66th St,Doral,FL,33178,860000,TOWNHOUSE,2464,2199,4,4,2015,10,290,,,,FALSE,,,N/A,860000,3,7,104,25.833115,-80.36831,FALSE,,801020,5,382.7965457
2071282851,5300 NW 87th Ave #316,Miami,FL,33178,220000,CONDO,1070,0,1,2,2007,18,1598,,,0,FALSE,,,N/A,220000,3,8,104,25.82071,-80.338165,FALSE,3,157655.5556,9,178.6463781
70766212,10845 NW 81st Ln,Doral,FL,33178,600000,TOWNHOUSE,1511,0,3,3,2007,18,214,Updated/Remodeled,,1,TRUE,,,N/A,600000,3,7,105,25.847687,-80.37292,FALSE,2,559275,8,335.1607092
124751831,10449 NW 66th St,Miami,FL,33178,690000,TOWNHOUSE,1692,0,3,3,2018,7,270,,,1,TRUE,,,N/A,690000,3,7,105,25.833654,-80.36713,FALSE,2,672850,4,359.8464066
252172027,10551 NW 88th St,Doral,FL,33178,39607200,SINGLE_FAMILY,31723,6.577984389,,,2017,8,,,,,FALSE,,,N/A,39607200,3,7,105,25.854149,-80.36703,FALSE,,1005850,2,358.1158388
308907150,4833 NW 83rd Pkwy,Doral,FL,33166,650000,TOWNHOUSE,1424,1293,3,2,2021,4,,,,,FALSE,,,N/A,650000,3,8,105,25.816183,-80.332855,FALSE,,681200,7,428.2563462
62937998,7362 NW 112th Ct,Doral,FL,33178,740000,SINGLE_FAMILY,2312,2748,4,3,2001,24,569,,,1,TRUE,,,N/A,740000,3,7,106,25.840103,-80.37999,FALSE,,767785.7143,7,352.8026346
70793160,4864 NW 97th Ct #349,Doral,FL,33178,315000,CONDO,899,0,1,2,1990,35,364,,,1,TRUE,,,N/A,315000,3,8,106,25.817726,-80.35435,FALSE,1,257360,5,270.2895935
121232311,8840 NW 99th Path,Doral,FL,33178,870000,SINGLE_FAMILY,2548,4000,4,3,2013,12,357,Resale,,2,TRUE,,,N/A,870000,3,7,106,25.854015,-80.360466,FALSE,2,845685.7143,7,326.3477375
62925798,5580 NW 107th Ave APT 1209,Doral,FL,33178,3600,SINGLE_FAMILY,1896,0,4,3,,N/A,,,,,FALSE,TRUE,,N/A,540000,3,7,79,25.82425,-80.36994,FALSE,,5558.333333,6,2.186969326
62938786,5354 NW 111th Ct,Doral,FL,33178,701777,SINGLE_FAMILY,1977,5198,4,2,1999,26,315,,,2,TRUE,,,N/A,701777,3,7,107,25.822079,-80.37757,FALSE,,907485.7143,7,360.0207648
62940246,4621 NW 93rd Doral Ct,Doral,FL,33178,1200000,SINGLE_FAMILY,2490,5275,4,3,1990,35,720,,,,FALSE,,,N/A,1200000,3,8,107,25.815397,-80.34472,FALSE,,1274300,7,514.0355842
247652378,5300 Paseo Dr #1502,Doral,FL,33166,745000,CONDO,1333,,3,2,2016,9,,,,,FALSE,,,N/A,745000,3,8,107,25.820528,-80.336655,FALSE,,630777.7778,9,505.8484437
247702548,7661 NW 107th Ave APT 408,Doral,FL,33178,3950,CONDO,1556,0,3,4,2017,8,,,,,FALSE,,,N/A,605000,3,7,48,25.843155,-80.37012,FALSE,,3458.333333,6,2.724319517
44143430,3704 Estepona Ave #16S1,Doral,FL,33178,540000,TOWNHOUSE,1870,0,3,3,1976,49,865,,Old Spanish,0,FALSE,,,N/A,540000,3,8,110,25.808434,-80.36446,FALSE,2,402550,4,236.8646393
2124169685,7476 NW 113th Path #0,Medley,FL,33178,720000,TOWNHOUSE,2355,0,5,3,2004,21,302,,,2,TRUE,,,N/A,720000,3,7,110,25.84149,-80.382034,FALSE,2,715775,4,298.9810229
2071304801,7504 NW 108th Path #7504,Miami,FL,33178,655000,TOWNHOUSE,2062,0,3,3,2009,16,395,,,1,TRUE,,,N/A,655000,3,7,111,25.841684,-80.37424,FALSE,2,658133.3333,6,304.3300792
44140241,5361 NW 110th Ave,Doral,FL,33178,850000,HOME_TYPE_UNKNOWN,2620,5000,4,3,2000,25,309,,,,FALSE,,,N/A,850000,3,7,112,25.822325,-80.375854,FALSE,,,0,
44142569,9725 NW 52nd St APT 303,Doral,FL,33178,405000,CONDO,1130,0,2,2,1995,30,635,,,1,TRUE,,,N/A,405000,3,8,112,25.821741,-80.35425,FALSE,5,415199.2857,7,339.2571797
62925843,9805 NW 52nd St APT 503,Doral,FL,33178,360000,CONDO,1130,0,2,2,1994,31,474,,,1,TRUE,,,N/A,360000,3,8,112,25.821972,-80.35582,FALSE,5,383483.3333,6,321.2410423
70793990,8290 Lake Dr APT 442,Doral,FL,33166,240000,CONDO,710,0,1,1,1986,39,340,,,0,FALSE,,,N/A,240000,3,8,112,25.817436,-80.32999,FALSE,5,304566.6667,3,324.5364394
44140905,10803 NW 51st Trl,Doral,FL,33178,780000,SINGLE_FAMILY,2321,2901,4,3.5,2000,25,275,,,,FALSE,,,N/A,780000,3,7,113,25.821205,-80.370766,TRUE,,648325,8,348.8266816
83161871,10770 NW 74th Ln,Doral,FL,33178,4650,TOWNHOUSE,2310,2786.0105,4,4,2008,17,,,,,FALSE,,,N/A,687500,3,7,86,25.841078,-80.37275,FALSE,,,0,
162032330,10600 NW 88th St #210,Doral,FL,33178,460000,CONDO,1280,0,3,3,2015,10,389,,,1,TRUE,,,N/A,460000,3,7,113,25.853098,-80.36864,FALSE,2,284081.25,8,225.1686395
247680855,5300 Paseo Dr #1602,Doral,FL,33166,760000,CONDO,1333,,3,2,2016,9,,,,,FALSE,,,N/A,760000,3,8,113,25.820528,-80.336655,FALSE,,630777.7778,9,505.8484437
62925457,10921 NW 67th St,Doral,FL,33178,820000,SINGLE_FAMILY,2303,2720,4,3,1999,26,569,,,1,TRUE,,,N/A,820000,3,7,114,25.834425,-80.37368,FALSE,,697000,5,462.0424366
121673130,10072 NW 87th Ter,Doral,FL,33178,910000,SINGLE_FAMILY,2462,5544,3,3,2013,12,340,,,2,TRUE,,,N/A,910000,3,7,114,25.85285,-80.36187,FALSE,,938600,8,347.2859352
247650697,5300 Paseo Dr #1607,Doral,FL,33166,2550,CONDO,698,,1,1,2016,9,,,,,FALSE,,,N/A,2550,3,8,114,25.820528,-80.336655,FALSE,,630777.7778,9,505.8484437
2060615650,4833 NW 83rd Pkwy #4833,Miami,FL,33166,650000,TOWNHOUSE,1424,0,3,3,2021,4,393,Updated/Remodeled,Coach Home,2,TRUE,,,N/A,650000,3,8,114,25.816236,-80.33283,FALSE,2,706028.5714,7,418.5811769
2066590548,10518 NW 66th St #10518,Miami,FL,33178,860000,TOWNHOUSE,2464,0,4,4,2015,10,275,New Construction,,2,TRUE,,,N/A,860000,3,7,114,25.83312,-80.36832,FALSE,2,801020,5,382.7965457
44139356,11231 NW 61st St,Doral,FL,33178,1170000,SINGLE_FAMILY,2011,8116,5,3,1997,28,596,,,3,TRUE,TRUE,,N/A,1170000,3,7,117,25.829538,-80.37951,FALSE,,1202346.4,5,422.3385697
44144090,3198 NW 99th Pl,Doral,FL,33172,615000,SINGLE_FAMILY,1504,4337,3,2,1995,30,242,,,1,TRUE,,,N/A,615000,3,8,117,25.803795,-80.3591,FALSE,,645275,4,402.8973333
122014632,10016 NW 89th Ter,Doral,FL,33178,843000,SINGLE_FAMILY,2462,5016,3,3,2013,12,340,,Mediterranean,2,TRUE,,,N/A,843000,3,7,117,25.854513,-80.36115,FALSE,,857850,6,326.5216091
124752078,10471 NW 66th St,Doral,FL,33178,875000,TOWNHOUSE,2437,0,4,4,2023,2,380,New Construction,,2,TRUE,TRUE,,N/A,800000,3,7,24,25.833546,-80.36787,FALSE,3,760500.1667,6,312.0469317
156486740,10498 NW 67th Ter,Doral,FL,33178,3100000,SINGLE_FAMILY,6355,10121,6,7,2016,9,860,,,3,TRUE,TRUE,,N/A,3100000,3,7,117,25.834494,-80.36754,FALSE,,2508800,2,637.6303958
162032504,10260 NW 63rd Ter APT 107,Doral,FL,33178,545000,CONDO,1351,0,3,2,2015,10,500,,,1,TRUE,,,N/A,545000,3,7,117,25.830877,-80.3639,FALSE,3,544571.4286,7,355.6523321
247701348,6310 NW 103rd Pl APT 106,Doral,FL,33178,545000,TOWNHOUSE,1360,0,3,2,2016,9,337,,,0,FALSE,,,N/A,545000,3,7,117,25.837393,-80.36519,FALSE,1,487500,2,317.0598359
70793073,4756 NW 97th Pl #223,Doral,FL,33178,346000,CONDO,1128,0,2,2,1990,35,386,,,0,FALSE,,,N/A,346000,3,8,118,25.817083,-80.355415,FALSE,2,315243.75,4,233.7804854
44140936,11256 NW 56th St,Doral,FL,33178,565000,TOWNHOUSE,1510,1481,3,2.5,2001,24,175,,,,FALSE,,,N/A,565000,3,7,119,25.824263,-80.38031,FALSE,,574720,5,345.5123282
44141876,4600 NW 102nd Pl,Doral,FL,33178,665000,TOWNHOUSE,1898,2574,3,2.5,1991,34,1048,,,,FALSE,,,N/A,665000,3,8,119,25.815128,-80.362785,FALSE,,565737.5,8,308.1373517
70793270,8160 Geneva Ct APT 509,Doral,FL,33166,252000,CONDO,710,0,1,1,1984,41,385,,,1,TRUE,,,N/A,252000,3,8,119,25.817797,-80.32947,FALSE,5,282275,4,337.6025812
70793601,8235 Lake Dr APT 205,Doral,FL,33166,255000,CONDO,810,0,1,1,1989,36,385,,,1,TRUE,,,N/A,255000,3,8,119,25.81856,-80.32997,FALSE,5,277814.2857,7,307.3026482
84080267,10702 NW 77th St,Doral,FL,33178,614300,SINGLE_FAMILY,2185,2265,3,3,2008,17,385,,,,FALSE,,,N/A,614300,3,7,119,25.84327,-80.37062,FALSE,,,0,
121230820,8940 NW 98th Ave,Doral,FL,33178,640000,SINGLE_FAMILY,1783,2076,3,2,2013,12,141,,,,FALSE,,,N/A,640000,3,7,119,25.85463,-80.356834,FALSE,,589000,1,349.5548961
121850258,11278 NW 88th Ter,Doral,FL,33178,525000,TOWNHOUSE,1935,1515,4,3,2014,11,148,,,,FALSE,,,N/A,525000,3,7,119,25.853735,-80.38083,FALSE,,615800,8,333.2711639
331700616,4640 SW 84th Ave #45,Doral,FL,33166,525000,CONDO,1129,0,3,2,2020,5,900,,,1,TRUE,,,N/A,525000,3,8,119,25.813976,-80.33433,FALSE,4,502425,8,377.3001752
44142307,10244 NW 52nd Ter,Doral,FL,33178,685000,TOWNHOUSE,1898,0,3,3,1995,30,475,Updated/Remodeled,Coach Home,1,TRUE,,,N/A,685000,3,8,120,25.820387,-80.36194,FALSE,2,629685.7143,7,342.8397932
247701547,7661 NW 107th Ave APT 210,Doral,FL,33178,408000,CONDO,1076,0,2,2,2017,8,1064,,,2,TRUE,TRUE,,N/A,408000,3,7,120,25.843155,-80.37012,FALSE,8,456110,9,389.3852679
331697544,5350 NW 84th Ave #1009,Doral,FL,33166,590000,CONDO,1040,0,2,2,2019,6,1120,,,1,TRUE,,,N/A,590000,3,8,120,25.820618,-80.334854,TRUE,20,315857.1429,7,348.4305948
44143918,10016 NW 41st St #33,Doral,FL,33178,430000,CONDO,1392,0,2,3,1988,37,512,,,0,FALSE,,,N/A,430000,3,8,121,25.810888,-80.358345,TRUE,2,410683.3333,6,287.1021318
62937828,10770 NW 66th St APT 513,Doral,FL,33178,442000,APARTMENT,1710,,3,2,1999,26,450,,,,FALSE,,,N/A,442000,3,7,121,25.832607,-80.37176,TRUE,,,0,
70792967,4722 NW 97th Ct #88,Doral,FL,33178,300000,CONDO,1128,0,2,2,1990,35,546,,,0,FALSE,,,N/A,300000,3,8,121,25.816872,-80.35428,FALSE,2,280437.5,4,250.5174047
121801408,8600 NW 101st Pl,Doral,FL,33178,925000,TOWNHOUSE,3100,8062,4,3,2014,11,260,,,,FALSE,,,N/A,925000,3,7,121,25.852013,-80.36224,FALSE,,,0,
162033153,7445 NW 101st Pl,Doral,FL,33178,1830000,SINGLE_FAMILY,4087,5392,6,7,2015,10,468,,,,FALSE,,,N/A,1830000,3,7,121,25.8414,-80.361946,TRUE,,1167522.4,5,297.9354625
247698459,6755 NW 103rd Ave,Doral,FL,33178,1245000,SINGLE_FAMILY,,3782,4,4,2018,7,,,,,FALSE,,,N/A,1245000,3,7,121,25.834852,-80.36386,FALSE,,1179157.143,7,402.898633
2071331563,8940 NW 98th Ave #8940,Miami,FL,33178,640000,TOWNHOUSE,1783,0,3,3,2013,12,367,,,1,TRUE,,,N/A,640000,3,7,121,25.854635,-80.356834,FALSE,2,588650,6,336.392964
82062429,8999 NW 107th Ct UNIT 213-1,Doral,FL,33178,2550,TOWNHOUSE,1151,,2,3,,N/A,,,,,FALSE,,,N/A,2550,3,7,122,25.85459,-80.37153,FALSE,,,0,
62938625,5300 NW 113th Pl,Doral,FL,33178,780000,SINGLE_FAMILY,2154,4000,4,3,1998,27,257,,,2,TRUE,,,N/A,780000,3,7,124,25.821562,-80.381546,FALSE,,721485.7143,7,390.8535893
44140473,10953 NW 43rd Ln,Doral,FL,33178,545000,TOWNHOUSE,1470,0,2,3,1998,27,177,Updated/Remodeled,,1,TRUE,,,N/A,545000,3,7,126,25.8142,-80.3746,FALSE,2,511260,5,353.9066835
44142323,10236 NW 52nd Ter,Doral,FL,33178,625000,SINGLE_FAMILY,1524,4064,3,2,1994,31,340,,Old Spanish,1,TRUE,,,N/A,625000,3,8,126,25.820625,-80.36149,FALSE,,642800,1,338.6722866
62937746,10750 NW 66th St APT 202,Doral,FL,33178,570000,CONDO,1700,0,3,2,1998,27,1218,Updated/Remodeled,,1,TRUE,,,N/A,570000,3,7,126,25.831741,-80.371284,FALSE,4,541700,8,290.2277527
62938005,7323 NW 113th Ct,Doral,FL,33178,855000,SINGLE_FAMILY,2312,2748,3,3,2001,24,569,,,1,TRUE,,,N/A,855000,3,7,126,25.839735,-80.38028,FALSE,,753780,5,342.7300494
70772348,4747 NW 97th Pl #207,Doral,FL,33178,388000,CONDO,1128,0,2,2,1990,35,457,"Updated/Remodeled,Completely Renovated",,1,TRUE,,,N/A,388000,3,8,126,25.816868,-80.35512,FALSE,2,350166.6667,6,321.830873
156484181,11002 NW 83rd St APT 211,Doral,FL,33178,350000,CONDO,1260,0,2,3,2008,17,557,,,0,FALSE,,,N/A,350000,3,7,126,25.848177,-80.376236,FALSE,2,400472.5,4,299.3924599
2079892273,11256 NW 56th St #11256,Miami,FL,33178,565000,TOWNHOUSE,1512,0,3,3,2001,24,180,,,1,TRUE,,,N/A,565000,3,7,126,25.824268,-80.38029,FALSE,2,574720,5,345.6113155
44139171,11021 NW 58th Ter,Doral,FL,33178,980000,SINGLE_FAMILY,2401,7764,4,3,1996,29,569,,,2,TRUE,,,N/A,980000,3,7,127,25.827032,-80.37629,FALSE,,813183.1667,6,344.9809564
44143548,10176 NW 41st St #97-9,Doral,FL,33178,375000,TOWNHOUSE,1392,0,2,3,1981,44,647,,,0,FALSE,,,N/A,375000,3,8,127,25.811003,-80.36127,FALSE,2,431400,4,308.9958949
66179247,8144 NW 107th Path,Doral,FL,33178,487000,TOWNHOUSE,1691,1494,3,2,2006,19,540,,,,FALSE,,,N/A,487000,3,7,127,25.847073,-80.37182,FALSE,,587900,4,312.15117
247699930,7865 NW 104th Ave APT 22,Doral,FL,33178,443000,CONDO,1088,0,2,3,2016,9,663,,,0,FALSE,,,N/A,443000,3,7,127,25.845127,-80.366066,FALSE,3,476425,4,401.7487463
331699839,4670 NW 84th Ave #47,Doral,FL,33166,495000,CONDO,1129,0,2,2,2019,6,695,,,0,FALSE,,,N/A,495000,3,8,127,25.81465,-80.333916,FALSE,4,442500,3,465.3709886
54695383,4720 NW 114th Ave UNIT 101,Doral,FL,33178,430000,CONDO,1120,,3,2,1999,26,367,,,0,FALSE,,,N/A,400000,3,7,56,25.816511,-80.38366,FALSE,2,401516.6667,6,358.4970238
60761375,6440 NW 114th Ave UNIT 426,Doral,FL,33178,380000,CONDO,1115,0,2,2,2001,24,408,,,2,TRUE,,,N/A,380000,3,7,128,25.832619,-80.385735,FALSE,3,327875,6,270.7079799
62938877,11408 NW 43rd Ter,Doral,FL,33178,580000,SINGLE_FAMILY,1570,1528,3,2,1998,27,150,,,,FALSE,,,N/A,580000,3,7,128,25.81368,-80.38249,FALSE,,568600,1,370.9067189
72573637,5201 Geneva Way APT 213,Doral,FL,33166,255000,CONDO,810,0,1,1,1972,53,384,Completely Renovated,,1,TRUE,,,N/A,255000,3,8,128,25.818567,-80.32812,FALSE,3,230514.2857,7,248.7913784
247700433,10311 NW 68th St,Doral,FL,33178,1250000,SINGLE_FAMILY,2782,3782,4,4,2017,8,642,,,2,TRUE,TRUE,,N/A,1250000,3,7,128,25.835417,-80.364395,FALSE,,1192800,5,398.5933336
247702180,6311 NW 103rd Psge,Doral,FL,33178,860000,TOWNHOUSE,2317,1868,4,3,2018,7,,,,,FALSE,,,N/A,860000,3,7,128,25.832302,-80.36588,FALSE,,779000,5,348.3766629
308906203,7825 NW 104th Ave APT 21,Doral,FL,33178,411700,CONDO,1236,,3,2,2018,7,,,,,FALSE,,,N/A,411700,3,7,128,25.845032,-80.36651,FALSE,,440400,5,394.8908831
62939665,11250 NW 43rd Ter,Doral,FL,33178,850000,SINGLE_FAMILY,2440,3609,4,4,2012,13,226,,,0,FALSE,,,N/A,850000,3,7,131,25.813549,-80.378716,FALSE,,813166.6667,6,323.782658
64686772,4470 NW 79th Ave APT 1A,Doral,FL,33166,320000,CONDO,1060,0,2,2,1970,55,455,,,2,TRUE,,,N/A,320000,3,8,131,25.814543,-80.326324,FALSE,2,225564.1429,7,234.5283399
70793322,8180 Geneva Ct APT 420,Doral,FL,33166,320000,CONDO,992,0,2,2,1984,41,472,,,1,TRUE,,,N/A,320000,3,8,131,25.81757,-80.32901,FALSE,5,148212.5,4,175.733154
247679597,5252 NW 85th Ave APT 1812,Doral,FL,33166,720000,CONDO,1462,0,3,2,2016,9,1446,,,1,TRUE,,,N/A,720000,3,8,131,25.819138,-80.33642,FALSE,20,570023.75,8,505.0449115
247702807,7751 NW 107th Ave APT 605,Doral,FL,33178,600000,CONDO,1684,0,3,3,2016,9,745,,,2,TRUE,,,N/A,600000,3,7,131,25.843985,-80.36997,FALSE,8,494000,8,380.1265116
308909448,8115 NW 48th Ter,Doral,FL,33166,1700000,SINGLE_FAMILY,3714,4705,4,4,2021,4,177,New Construction,,2,TRUE,TRUE,,N/A,1700000,3,8,131,25.81696,-80.32898,FALSE,,1626657.143,7,429.9177781
64643064,4450 NW 79th Ave APT 2B,Doral,FL,33166,230000,CONDO,780,,1,1,1970,55,309,,,,FALSE,,,N/A,230000,3,8,132,25.814737,-80.32544,FALSE,,242433.3333,6,279.5315272
162032415,10620 NW 88th St APT 202,Doral,FL,33178,400000,CONDO,1121,0,2,3,2015,10,466,,,2,TRUE,,,N/A,400000,3,7,132,25.852903,-80.368484,FALSE,3,290608.3333,6,234.4767212
352574592,10702 NW 77th St #10702,Miami,FL,33178,614250,TOWNHOUSE,2008,0,4,3,2008,17,385,,,1,TRUE,,,N/A,614250,3,7,132,25.843128,-80.37083,FALSE,2,649300,5,312.6112528
62940304,8005 Lake Dr UNIT 213,Doral,FL,33166,290000,CONDO,1005,,2,2,1982,43,403,As Is,,0,FALSE,,,N/A,290000,3,8,133,25.81948,-80.3289,FALSE,4,184770,7,239.961039
62925750,4812 NW 112th Ct,Doral,FL,33178,865000,SINGLE_FAMILY,2179,6382,3,2,2001,24,200,,,2,TRUE,TRUE,,N/A,865000,3,7,134,25.817127,-80.378395,FALSE,,850761.25,8,396.7529374
62939229,5425 NW 112th Path,Doral,FL,33178,650000,SINGLE_FAMILY,1863,2300,3,3,2001,24,273,,,2,TRUE,TRUE,,N/A,650000,3,7,134,25.8229,-80.379364,FALSE,,680500,1,335.7178096
66175064,7995 NW 114th Path,Doral,FL,33178,702000,TOWNHOUSE,1883,0,3,3,2004,21,299,,,2,TRUE,,,N/A,702000,3,7,134,25.846113,-80.38341,FALSE,2,663050,4,305.6524476
70793545,8215 Lake Dr #404,Doral,FL,33166,245000,CONDO,810,0,1,1,1989,36,384,,,1,TRUE,,,N/A,245000,3,8,134,25.818195,-80.33068,FALSE,5,253653.5714,7,242.6519672
70793813,8333 Lake Dr APT 304,Doral,FL,33166,245000,CONDO,810,0,1,1,1989,36,384,,,1,TRUE,,,N/A,245000,3,8,134,25.818201,-80.332664,FALSE,5,279437.5,8,328.0208623
247698534,8064 NW 105th Ct,Doral,FL,33178,800000,SINGLE_FAMILY,2100,2182,3,3,2018,7,275,,,2,TRUE,,,N/A,800000,3,7,134,25.846807,-80.3688,FALSE,,769533.3333,3,382.9277233
338742703,7915 NW 104th Ave #24,Doral,FL,33178,450000,CONDO,1135,0,3,2,2020,5,450,,,0,FALSE,,,N/A,450000,3,7,134,25.845648,-80.36562,FALSE,3,456750,4,406.9053177
439202404,4600 NW 102nd Pl #4600,Miami,FL,33178,665000,TOWNHOUSE,1898,0,3,3,1991,34,512,,Old Spanish,1,TRUE,,,N/A,665000,3,8,134,25.81514,-80.36277,FALSE,2,565737.5,8,308.1373517
44141693,5585 NW 102nd Pl,Doral,FL,33178,750000,SINGLE_FAMILY,1974,3428,4,2,1990,35,259,,,,FALSE,,,N/A,750000,3,8,135,25.824308,-80.36287,FALSE,,689357.875,8,416.9625366
70793632,8245 Lake Dr APT 305,Doral,FL,33166,245000,CONDO,810,0,1,1,1989,36,384,,,1,TRUE,,,N/A,245000,3,8,135,25.81857,-80.330414,FALSE,5,275487.5,8,293.71229
70792897,8791 NW 112th Ct,Doral,FL,33178,540000,TOWNHOUSE,1511,0,3,3,2008,17,199,,,1,TRUE,,,N/A,540000,3,7,138,25.853226,-80.37909,FALSE,2,547540,5,340.6130356
123525283,3420 NW 84th Ave,Doral,FL,33122,1600000,SINGLE_FAMILY,3448,5092,4,4,2015,10,668,,,,FALSE,,,N/A,1600000,3,8,138,25.805819,-80.332726,FALSE,,1731814.286,7,439.8291567
44143684,3735 Alcantara Ave #81,Doral,FL,33178,610000,CONDO,1712,,3,2,1988,37,540,,,,FALSE,,,N/A,610000,3,8,139,25.807709,-80.35506,FALSE,,570550,4,329.613674
44144337,9747 NW 29th St,Doral,FL,33172,765000,HOME_TYPE_UNKNOWN,1908,5100,3,2,1995,30,219,,,,FALSE,,,N/A,765000,3,8,139,25.801262,-80.35413,FALSE,,,0,
54695348,11042 NW 72nd Ter,Doral,FL,33178,1225000,SINGLE_FAMILY,3052,5733,5,3,2000,25,569,,,2,TRUE,TRUE,,N/A,1225000,3,7,139,25.837826,-80.376564,FALSE,,1127971.429,7,426.9042054
62925442,6508 NW 113th Pl,Doral,FL,33178,905000,SINGLE_FAMILY,3162,7342,4,3,1997,28,448,,,3,TRUE,TRUE,,N/A,905000,3,7,139,25.83232,-80.38298,FALSE,,1229500,6,378.2665458
70793603,8235 Lake Dr APT 404,Doral,FL,33166,250000,CONDO,810,0,1,1,1989,36,368,,,1,TRUE,,,N/A,250000,3,8,139,25.81856,-80.32997,FALSE,5,278528.5714,7,308.1844824
44141440,5151 NW 101st Pl,Doral,FL,33178,770000,SINGLE_FAMILY,1861,3535,4,3,1988,37,305,,,2,TRUE,,,N/A,770000,3,8,140,25.820528,-80.35876,FALSE,,539307.1429,7,341.9595173
70792681,11455 NW 83rd Way,Doral,FL,33178,718900,TOWNHOUSE,2118,0,4,3,2007,18,300,,,2,TRUE,TRUE,,N/A,718900,3,7,140,25.849825,-80.383255,FALSE,2,718900,1,339.4239849
70793800,8343 Lake Dr APT 308,Doral,FL,33166,265000,CONDO,810,0,1,1,1989,36,384,,,1,TRUE,,,N/A,265000,3,8,140,25.81822,-80.33311,FALSE,5,280100,5,318.6605402
123866441,8219 NW 34th St,Doral,FL,33122,1750000,SINGLE_FAMILY,3898,4896,5,7,2016,9,542,New Construction,,2,TRUE,TRUE,,N/A,1750000,3,8,140,25.805754,-80.32998,FALSE,,1816020,5,474.8654994
247680873,5300 Paseo Dr #1508,Doral,FL,33166,412500,CONDO,778,,1,1,2016,9,,,,,FALSE,,,N/A,412500,3,8,140,25.820528,-80.336655,FALSE,,630777.7778,9,505.8484437
338743802,6453 NW 102nd Path APT 105,Doral,FL,33178,485000,CONDO,1322,0,3,3,2021,4,620,,,0,FALSE,,,N/A,485000,3,7,140,25.83234,-80.36379,FALSE,3,538566.6667,3,355.0113888
54695492,5670 NW 116th Ave APT 225,Doral,FL,33178,280000,CONDO,1150,,2,3,1999,26,322,,,,FALSE,,,N/A,280000,3,7,145,25.82464,-80.38513,FALSE,,412000,6,343.3659612
79859733,11002 NW 83rd St APT 102,Doral,FL,33178,430000,TOWNHOUSE,1435,0,3,3,2006,19,539,Completely Renovated,,2,TRUE,,,N/A,430000,3,7,145,25.848177,-80.376236,FALSE,3,552100,2,420.8079268
103434668,5300 NW 87th Ave #310,Doral,FL,33178,135000,CONDO,705,705,1,1,2007,18,690,,,,FALSE,,,N/A,135000,3,8,145,25.82035,-80.33788,FALSE,,178733.3333,3,253.5224586
308906209,4927 NW 83rd Path,Doral,FL,33166,755000,SINGLE_FAMILY,1732,1514,4,3,2018,7,394,,,2,TRUE,,,N/A,755000,3,8,145,25.816504,-80.33374,FALSE,,,0,
2071288220,8144 NW 107th Path #0,Miami,FL,33178,487000,TOWNHOUSE,1683,0,3,3,2006,19,332,,,1,TRUE,,,N/A,487000,3,7,146,25.847082,-80.37181,FALSE,2,587900,4,311.8089296
44139286,11260 NW 58th Ter,Doral,FL,33178,850000,SINGLE_FAMILY,2028,5639,4,2.5,1997,28,388,,,,FALSE,,,N/A,850000,3,7,147,25.82661,-80.379776,FALSE,,777337.5,8,349.6845597
70792958,4756 NW 97th Ct #79,Doral,FL,33178,300000,CONDO,1128,0,2,2,1990,35,546,,,0,FALSE,,,N/A,300000,3,8,147,25.817373,-80.35436,FALSE,2,344880,5,324.235576
70793141,9745 NW 48th Ter #326,Doral,FL,33178,300000,CONDO,1128,0,2,2,1990,35,546,,,0,FALSE,,,N/A,300000,3,8,147,25.817688,-80.35465,FALSE,2,354433.3333,6,317.5655467
113378489,10870 NW 88th Ter UNIT 108,Doral,FL,33178,425000,CONDO,1207,0,3,2,2010,15,336,,,1,TRUE,,,N/A,425000,3,7,147,25.853807,-80.37438,FALSE,2,408942.8571,7,326.4290505
124751985,6423 NW 104th Path,Doral,FL,33178,910000,TOWNHOUSE,2200,0,4,4,2015,10,270,,,2,TRUE,,,N/A,910000,3,7,147,25.832415,-80.36728,FALSE,3,763950,4,396.9686163
247702594,7751 NW 107th Ave APT 408,Doral,FL,33178,450000,CONDO,1244,0,2,2,2016,9,680,New Construction,,2,TRUE,,,N/A,450000,3,7,147,25.84394,-80.36996,FALSE,8,469555.5556,9,360.5816246
348233238,11455 NW 83rd Way #11455,Miami,FL,33178,718900,TOWNHOUSE,2118,0,4,3,2007,18,327,,,2,TRUE,,,N/A,718900,3,7,147,25.849825,-80.383255,FALSE,2,718900,1,339.4239849
44140439,11113 NW 43rd Ln,Doral,FL,33178,470000,TOWNHOUSE,1470,1690,2,2,1999,26,150,,,,FALSE,,,N/A,470000,3,7,148,25.81418,-80.376884,FALSE,,439138.3333,6,293.8215498
79854898,10045 NW 46th St #1072,Doral,FL,33178,280500,CONDO,1015,,2,2,1992,33,492,,,,FALSE,,,N/A,280500,3,8,148,25.815329,-80.36033,FALSE,,398057.1429,7,369.2857807
44140077,11256 NW 42nd Ter,Doral,FL,33178,540000,TOWNHOUSE,1540,1968,3,2,1997,28,180,,,,FALSE,,,N/A,540000,3,7,149,25.812943,-80.37884,FALSE,,581562.5,8,332.7204084
62937730,11110 NW 71st St,Doral,FL,33178,1305100,SINGLE_FAMILY,3840,9903,5,4.5,1999,26,388,,,,FALSE,,,N/A,1305100,3,7,149,25.836355,-80.37752,FALSE,,1533524.125,8,436.1450504
123865352,8620 NW 97th Ave APT 105,Doral,FL,33178,410000,CONDO,1333,0,3,3,2014,11,335,,,0,FALSE,,,N/A,410000,3,7,149,25.852125,-80.35504,FALSE,3,421840,5,334.9775825
124392564,6319 NW 105th Ct,Doral,FL,33178,915000,MULTI_FAMILY,1862,2735,4,3.5,2015,10,290,,,,FALSE,,,N/A,915000,3,7,149,25.831348,-80.368324,TRUE,,,0,
442325056,3735 Alcantara Ave #E-81,Miami,FL,33178,610000,TOWNHOUSE,1712,0,3,3,1988,37,890,,,1,TRUE,,,N/A,610000,3,8,149,25.807383,-80.354904,FALSE,1,578100,1,337.6752336
44141051,9735 NW 52nd St APT 511,Doral,FL,33178,300000,CONDO,1230,0,1,2,1983,42,597,,,1,TRUE,TRUE,,N/A,300000,3,8,152,25.823824,-80.35428,TRUE,5,397625,8,238.8321773
66673540,10860 NW 84th St,Doral,FL,33178,700000,TOWNHOUSE,2322,2082,4,3,2006,19,236,,,,FALSE,,,N/A,700000,3,7,152,25.849443,-80.3742,FALSE,,558966.6667,6,276.3439241
121232084,8885 NW 99th Ct,Doral,FL,33178,1050000,SINGLE_FAMILY,3820,5000,5,4,2013,12,260,,,,FALSE,,,N/A,1050000,3,7,152,25.854181,-80.35913,FALSE,,901049.5,6,224.5832096
122016979,10301 NW 70th Ln,Doral,FL,33178,750000,TOWNHOUSE,2170,2548,4,3,2014,11,416,,,,FALSE,,,N/A,750000,3,7,152,25.837826,-80.364456,FALSE,,735980,5,340.7910401
156486754,10553 NW 67th Ter,Doral,FL,33178,777800,SINGLE_FAMILY,3911,5100,5,5,2017,8,550,,,,FALSE,,,N/A,777800,3,7,152,25.835985,-80.36838,FALSE,,2051855,6,483.2848393
2075870460,3300 NW 112th Ave UNIT 11,Miami,FL,33172,3400,HOME_TYPE_UNKNOWN,,,,,,N/A,,,,,FALSE,,,N/A,3400,3,7,152,25.804329,-80.378784,FALSE,,,0,
70792297,8526 NW 107th Psge UNIT 5-40,Doral,FL,33178,529000,TOWNHOUSE,1507,0,4,3,2005,20,313,,,0,FALSE,,,N/A,529000,3,7,153,25.851091,-80.3722,FALSE,2,495040,5,341.6188426
79857490,7340 NW 114th Ave APT 201,Doral,FL,33178,167000,CONDO,910,,2,2,2003,22,271,,,,FALSE,,,N/A,167000,3,7,153,25.840199,-80.38244,FALSE,,366100,8,373.0450163
162032494,10101 NW 77th St,Doral,FL,33178,1700000,SINGLE_FAMILY,3624,4800,5,5,2017,8,635,,,2,TRUE,TRUE,,N/A,1700000,3,7,153,25.843803,-80.361984,TRUE,,1415850,6,399.2064432
162032847,7427 NW 99th Ave,Doral,FL,33178,1470000,SINGLE_FAMILY,3738,5818,5,5,2015,10,632,,,2,TRUE,TRUE,,N/A,1470000,3,7,153,25.841003,-80.3581,FALSE,,1496760,5,419.6390068
247680862,5300 Paseo Dr #306,Doral,FL,33166,420000,CONDO,848,,1,1,2016,9,,,,,FALSE,,,N/A,420000,3,8,153,25.820528,-80.336655,FALSE,,630777.7778,9,505.8484437
247698700,7751 NW 107th Ave #714,Doral,FL,33178,492000,CONDO,1244,0,2,2,2016,9,778,,,2,TRUE,,,N/A,492000,3,7,153,25.843985,-80.36997,FALSE,8,507500,8,375.2260297
2071279044,5300 NW 87th Ave #1407,Miami,FL,33178,116000,CONDO,705,0,1,1,2008,17,1050,,,0,FALSE,,,N/A,116000,3,8,153,25.82071,-80.338165,TRUE,2,157655.5556,9,178.6463781
70772452,8290 Lake Dr APT 550,Doral,FL,33166,305000,CONDO,1036,0,2,2,1986,39,492,,,2,TRUE,,,N/A,305000,3,8,154,25.817404,-80.332825,FALSE,1,290375,8,309.286632
121230967,9910 NW 88th Ter,Doral,FL,33178,1350000,SINGLE_FAMILY,3128,0,4,4,2013,12,335,,,2,TRUE,TRUE,,N/A,1350000,3,7,154,25.853762,-80.35859,FALSE,,997550,8,299.5989796
121344923,9832 NW 87th Ter,Doral,FL,33178,1050000,SINGLE_FAMILY,3820,5000,5,4,2013,12,358,,Mediterranean,2,TRUE,,,N/A,1050000,3,7,154,25.852655,-80.35723,FALSE,,1018514.286,7,315.1425153
384146317,(Undisclosed Address),Miami,FL,33178,470000,TOWNHOUSE,1470,0,2,3,1999,26,177,,,1,TRUE,,,N/A,470000,3,7,154,,,FALSE,2,443547.1429,7,297.5224557
2070245493,8805 NW 103rd Pl #8805,Miami,FL,33178,698000,TOWNHOUSE,1757,0,4,3,2016,9,310,,,1,TRUE,,,N/A,698000,3,7,154,25.85366,-80.36546,FALSE,2,619557.1429,7,353.150457
44141683,5595 NW 102nd Ct,Doral,FL,33178,730000,SINGLE_FAMILY,1714,3725,3,3,1990,35,389,,,1,TRUE,,,N/A,730000,3,8,155,25.824322,-80.36211,FALSE,,650513.3333,6,397.1792533
62938045,7324 NW 113th Ct,Doral,FL,33178,850000,SINGLE_FAMILY,2312,2720,4,3,2001,24,569,Substantially Remodeled,,1,TRUE,,,N/A,850000,3,7,155,25.839664,-80.380585,FALSE,,774820,5,345.4711616
2075863749,6319 NW 105th Ct #6319,Miami,FL,33178,915000,TOWNHOUSE,2599,0,4,5,2015,10,270,Completely Renovated,,2,TRUE,,,N/A,915000,3,7,155,25.831352,-80.368324,FALSE,1,794671.4286,7,341.7174669
2082496577,5300 Paseo Blvd APT 1508,Doral,FL,33166,412000,CONDO,778,0,1,1,2016,9,900,,,1,TRUE,,,N/A,412000,3,8,155,25.820751,-80.3363,FALSE,21,393477.7778,9,417.1610622
44141070,9735 NW 52nd St APT 218,Doral,FL,33178,415000,CONDO,1475,0,2,2,1983,42,558,,,0,FALSE,,,N/A,415000,3,8,156,25.823824,-80.35428,FALSE,5,383250,8,234.1504907
44141774,10340 NW 46th Ter,Doral,FL,33178,1180000,SINGLE_FAMILY,,5998,4,3,1991,34,246,,,2,TRUE,TRUE,,N/A,1180000,3,8,156,25.814768,-80.365036,FALSE,,827382.375,8,347.3491696
62939345,5245 NW 112th Ave #102,Doral,FL,33178,495000,TOWNHOUSE,1380,,3,3,2000,25,300,,,,FALSE,,,N/A,495000,3,7,156,25.820745,-80.376434,FALSE,,508566.6667,3,344.3091559
79859697,4560 NW 107th Ave APT 104-12,Doral,FL,33178,380000,CONDO,960,,2,2,1998,27,400,,,,FALSE,,,N/A,380000,3,7,156,25.81493,-80.37054,FALSE,,364400,7,391.1874665
123867833,8760 NW 97th Ave APT 106,Doral,FL,33178,435000,CONDO,1227,0,3,2,2013,12,440,,Coach Home,0,FALSE,,,N/A,435000,3,7,156,25.85289,-80.35563,FALSE,3,370600,6,290.9883099
156486753,10561 NW 67th Ter,Doral,FL,33178,3500000,SINGLE_FAMILY,3737,5100,5,6,2017,8,867,,,3,TRUE,TRUE,,N/A,2325000,3,7,16,25.834862,-80.36851,FALSE,,1662050,6,479.0083854
247702757,10294 NW 76th Ter,Doral,FL,33178,1000000,SINGLE_FAMILY,3781,5000,4,4,2017,8,326,,,2,TRUE,,,N/A,1000000,3,7,156,25.842876,-80.364235,FALSE,,1189583.333,6,372.0107183
446012949,5300 Paseo Blvd #1502,Miami,FL,33166,745000,CONDO,1333,0,3,2,2016,9,1597,,,2,TRUE,,,N/A,745000,3,8,156,25.820751,-80.3363,FALSE,21,393477.7778,9,417.1610622
44144203,9779 NW 32nd St,Doral,FL,33172,940000,SINGLE_FAMILY,2400,5674,4,3,1994,31,250,,,2,TRUE,,,N/A,940000,3,8,159,25.80401,-80.35489,FALSE,,793566.6667,6,361.8819307